-- phpMyAdmin SQL Dump
-- version 5.2.2
-- https://www.phpmyadmin.net/
--
-- Host: localhost:3306
-- Generation Time: May 02, 2025 at 05:52 AM
-- Server version: 5.7.44-cll-lve
-- PHP Version: 8.3.20

SET SQL_MODE = "NO_AUTO_VALUE_ON_ZERO";
START TRANSACTION;
SET time_zone = "+00:00";


/*!40101 SET @OLD_CHARACTER_SET_CLIENT=@@CHARACTER_SET_CLIENT */;
/*!40101 SET @OLD_CHARACTER_SET_RESULTS=@@CHARACTER_SET_RESULTS */;
/*!40101 SET @OLD_COLLATION_CONNECTION=@@COLLATION_CONNECTION */;
/*!40101 SET NAMES utf8mb4 */;

--
-- Database: `rentroni_rentronic`
--

-- --------------------------------------------------------

--
-- Table structure for table `agent`
--

CREATE TABLE `agent` (
  `AgentID` varchar(6) NOT NULL,
  `AgentName` varchar(255) NOT NULL,
  `AgentEmail` varchar(255) NOT NULL,
  `AgentWhatsapp` varchar(20) DEFAULT NULL,
  `Password` varchar(255) NOT NULL,
  `AgentType` varchar(50) NOT NULL,
  `AccessLevel` int(11) NOT NULL,
  `Status` varchar(50) DEFAULT 'Active',
  `CreatedAt` datetime DEFAULT CURRENT_TIMESTAMP,
  `UpdatedAt` datetime DEFAULT CURRENT_TIMESTAMP ON UPDATE CURRENT_TIMESTAMP
) ENGINE=InnoDB DEFAULT CHARSET=utf8mb4;

--
-- Dumping data for table `agent`
--

INSERT INTO `agent` (`AgentID`, `AgentName`, `AgentEmail`, `AgentWhatsapp`, `Password`, `AgentType`, `AccessLevel`, `Status`, `CreatedAt`, `UpdatedAt`) VALUES
('A001', 'Admin', 'accs.owais@gmail.com', '013 660 0635', '1001', 'Studio', 1, 'Active', '2024-10-30 16:23:05', '2024-10-30 16:23:05'),
('A002', 'Syed', 'syedr10.sr@gmail.com', '011 2542 3742', '2001', 'Studio', 2, 'Active', '2024-10-30 16:23:05', '2024-10-30 16:23:05'),
('A003', 'Maton', 'halimatonsyuhada98@gmail.com', '013 941 8101', '2002', 'Non-Studio', 2, 'Active', '2024-10-30 16:23:05', '2025-01-14 02:11:38'),
('A004', 'Ziman', 'afiqhaziman98@gmail.com', '019 920 7371', '2003', 'Non-Studio', 2, 'Active', '2024-10-30 16:23:05', '2025-05-01 20:34:23'),
('A005', 'Pija', 'nrhfzh788@gmail.com', '014 315 8230', '2004', 'Studio', 2, 'Active', '2024-10-30 16:23:05', '2025-01-10 00:13:00'),
('A006', 'Amir', 'amiraiman464@gmail.com', '019 292 1839', '2005', 'Non-Studio', 2, 'Active', '2024-10-30 16:23:05', '2024-10-30 16:23:05'),
('A007', 'Naufal', 'naufallatif17@gmail.com', '018 374 9007', '2006', 'Studio', 2, 'Active', '2024-10-30 16:23:05', '2024-10-30 16:23:05'),
('A008', 'Rasyed', 'rasyed.aatsb@gmail.com', '018 367 9397', '2007', 'Studio', 2, 'Active', '2024-10-30 16:23:05', '2025-01-08 14:10:17'),
('A009', 'Abell', 'nabilah.amir997@gmail.com', '010 6565 037', '2008', 'Studio', 2, 'Active', '2024-10-30 16:23:05', '2024-10-30 16:23:05'),
('A010', 'Visitor', 'visitor.rentro@pavilone.com', '01127218702', 'Lionheart1!', 'External', 2, 'Active', '2025-02-10 17:51:16', '2025-05-01 20:35:57');

-- --------------------------------------------------------

--
-- Table structure for table `bed`
--

CREATE TABLE `bed` (
  `BedID` varchar(6) NOT NULL,
  `RoomID` varchar(6) NOT NULL,
  `UnitID` varchar(6) NOT NULL,
  `BedNo` varchar(255) NOT NULL,
  `BaseRentAmount` decimal(10,2) NOT NULL,
  `BedStatus` varchar(50) NOT NULL,
  `CreatedAt` datetime DEFAULT CURRENT_TIMESTAMP,
  `UpdatedAt` datetime DEFAULT CURRENT_TIMESTAMP ON UPDATE CURRENT_TIMESTAMP,
  `AgentID` varchar(6) DEFAULT NULL,
  `BedRentAmount` decimal(10,2) NOT NULL DEFAULT '0.00'
) ENGINE=InnoDB DEFAULT CHARSET=utf8mb4;

--
-- Dumping data for table `bed`
--

INSERT INTO `bed` (`BedID`, `RoomID`, `UnitID`, `BedNo`, `BaseRentAmount`, `BedStatus`, `CreatedAt`, `UpdatedAt`, `AgentID`, `BedRentAmount`) VALUES
('B0001', 'R0001', 'U1001', 'C-15-10-R1-B1', 250.00, 'Rented', '2024-11-02 01:09:54', '2025-04-30 16:53:41', 'A002', 250.00),
('B0002', 'R0002', 'U1001', 'C-15-10-R2-B2', 250.00, 'Rented', '2024-11-02 01:10:04', '2025-01-05 14:10:01', 'A004', 250.00),
('B0003', 'R0003', 'U1001', 'C-15-10-R3-B3', 250.00, 'Rented', '2024-11-02 01:10:26', '2025-04-30 16:45:04', 'A002', 250.00),
('B0004', 'R0004', 'U1001', 'C-15-10-R4-B4', 250.00, 'Rented', '2024-11-02 01:10:50', '2025-01-07 23:39:56', 'A005', 250.00),
('B0005', 'R0005', 'U1001', 'C-15-10-R5-B5', 450.00, 'Available', '2024-11-02 01:11:01', '2024-12-23 18:33:18', NULL, 450.00),
('B0006', 'R0006', 'U1001', 'C-15-10-R6-B6', 450.00, 'Available', '2024-11-02 01:11:17', '2024-12-23 18:33:18', NULL, 450.00),
('B0007', 'R0007', 'U1001', 'C-15-10-R7-B7', 500.00, 'Available', '2024-11-02 01:11:28', '2025-03-09 16:13:10', NULL, 500.00),
('B0008', 'R0008', 'U1001', 'C-15-10-R8-B8', 550.00, 'Rented', '2024-11-02 01:11:38', '2025-03-09 19:19:55', 'A008', 550.00),
('B0009', 'R0009', 'U1002', 'C-16-09-R1-B1', 250.00, 'Rented', '2024-11-02 01:19:23', '2025-04-30 17:28:18', 'A005', 250.00),
('B0010', 'R0010', 'U1002', 'C-16-09-R2-B2', 250.00, 'Rented', '2024-11-02 01:19:32', '2025-01-07 23:44:35', 'A002', 250.00),
('B0011', 'R0011', 'U1002', 'C-16-09-R3-B3', 250.00, 'Rented', '2024-11-02 01:19:46', '2025-01-07 23:46:06', 'A002', 250.00),
('B0012', 'R0012', 'U1002', 'C-16-09-R4-B4', 250.00, 'Rented', '2024-11-02 01:20:02', '2025-03-13 12:06:04', 'A002', 250.00),
('B0013', 'R0013', 'U1002', 'C-16-09-R5-B5', 450.00, 'Available', '2024-11-02 01:20:16', '2024-12-23 18:33:18', NULL, 450.00),
('B0014', 'R0014', 'U1002', 'C-16-09-R6-B6', 450.00, 'Rented', '2024-11-02 01:20:31', '2025-01-07 23:50:04', 'A004', 450.00),
('B0015', 'R0015', 'U1002', 'C-16-09-R7-B7', 500.00, 'Rented', '2024-11-02 01:21:54', '2025-01-07 23:51:46', 'A005', 500.00),
('B0016', 'R0016', 'U1002', 'C-16-09-R8-B8', 550.00, 'Available', '2024-11-02 01:22:03', '2025-02-09 22:08:18', NULL, 550.00),
('B0017', 'R0017', 'U2001', '50302-R1-B1', 250.00, 'Rented', '2024-11-04 10:28:11', '2025-01-05 13:49:48', 'A004', 250.00),
('B0018', 'R0018', 'U2001', '50302-R2-B2', 250.00, 'Available', '2024-11-04 10:32:48', '2024-12-23 18:33:18', NULL, 250.00),
('B0019', 'R0018', 'U2001', '50302-R2-B3', 250.00, 'Rented', '2024-11-04 10:32:48', '2025-03-12 16:46:45', 'A002', 250.00),
('B0020', 'R0019', 'U2001', '50302-R3-B4', 250.00, 'Available', '2024-11-04 10:32:56', '2024-12-23 18:33:18', NULL, 250.00),
('B0021', 'R0019', 'U2001', '50302-R3-B5', 250.00, 'Available', '2024-11-04 10:32:56', '2024-12-23 18:33:18', NULL, 250.00),
('B0022', 'R0020', 'U2001', '50302-R4-B6', 250.00, 'Available', '2024-11-04 10:33:02', '2024-12-23 18:33:18', NULL, 250.00),
('B0023', 'R0020', 'U2001', '50302-R4-B7', 250.00, 'Available', '2024-11-04 10:33:02', '2024-12-23 18:33:18', NULL, 250.00),
('B0024', 'R0020', 'U2001', '50302-R4-B8', 250.00, 'Available', '2024-11-04 10:33:02', '2024-12-23 18:33:18', NULL, 250.00),
('B0025', 'R0021', 'U2002', '50317-R1-B1', 250.00, 'Available', '2024-11-04 10:35:11', '2024-12-23 18:33:18', NULL, 250.00),
('B0026', 'R0022', 'U2002', '50317-R2-B2', 250.00, 'Available', '2024-11-04 10:35:21', '2025-02-20 03:15:11', NULL, 250.00),
('B0027', 'R0022', 'U2002', '50317-R2-B3', 250.00, 'Available', '2024-11-04 10:35:21', '2025-02-20 03:15:29', NULL, 250.00),
('B0028', 'R0023', 'U2002', '50317-R3-B4', 250.00, 'Available', '2024-11-04 10:35:26', '2024-12-23 18:33:18', NULL, 250.00),
('B0029', 'R0023', 'U2002', '50317-R3-B5', 250.00, 'Rented', '2024-11-04 10:35:26', '2024-12-31 07:48:53', 'A003', 250.00),
('B0030', 'R0024', 'U2002', '50317-R4-B6', 250.00, 'Available', '2024-11-04 10:35:33', '2024-12-23 18:33:18', NULL, 250.00),
('B0031', 'R0024', 'U2002', '50317-R4-B7', 250.00, 'Available', '2024-11-04 10:35:33', '2024-12-23 18:33:18', NULL, 250.00),
('B0032', 'R0024', 'U2002', '50317-R4-B8', 250.00, 'Available', '2024-11-04 10:35:33', '2024-12-23 18:33:18', NULL, 250.00),
('B0033', 'R0025', 'U2003', '50312-R1-B1', 250.00, 'Available', '2024-11-04 10:49:28', '2024-12-23 18:33:18', NULL, 250.00),
('B0034', 'R0026', 'U2003', '50312-R2-B2', 250.00, 'Rented', '2024-11-04 10:49:34', '2025-04-09 21:20:09', 'A004', 250.00),
('B0035', 'R0026', 'U2003', '50312-R2-B3', 250.00, 'Available', '2024-11-04 10:49:34', '2024-12-23 18:33:18', NULL, 250.00),
('B0036', 'R0027', 'U2003', '50312-R3-B4', 250.00, 'Available', '2024-11-04 10:49:41', '2024-12-23 18:33:18', NULL, 250.00),
('B0037', 'R0027', 'U2003', '50312-R3-B5', 250.00, 'Rented', '2024-11-04 10:49:41', '2025-01-08 02:39:02', 'A003', 250.00),
('B0038', 'R0028', 'U2003', '50312-R4-B6', 250.00, 'Rented', '2024-11-04 10:49:49', '2025-01-04 21:17:54', 'A003', 250.00),
('B0039', 'R0028', 'U2003', '50312-R4-B7', 250.00, 'Available', '2024-11-04 10:49:49', '2025-02-09 23:32:55', NULL, 250.00),
('B0040', 'R0028', 'U2003', '50312-R4-B8', 250.00, 'Available', '2024-11-04 10:49:49', '2025-02-09 23:33:04', NULL, 250.00),
('B0041', 'R0028', 'U2003', '50312-R4-B9', 250.00, 'Available', '2024-11-04 10:49:49', '2025-02-09 23:33:13', NULL, 250.00),
('B0042', 'R0029', 'U5001', 'E-22B-R1-B1', 200.00, 'Available', '2024-11-04 10:50:17', '2024-12-23 18:33:18', NULL, 200.00),
('B0043', 'R0030', 'U5001', 'E-22B-R2-B2', 350.00, 'Rented', '2024-11-04 10:50:54', '2025-01-05 04:10:00', 'A003', 350.00),
('B0044', 'R0031', 'U5001', 'E-22B-R3-B3', 350.00, 'Rented', '2024-11-04 10:51:16', '2025-01-07 23:54:02', 'A003', 350.00),
('B0045', 'R0032', 'U5001', 'E-22B-R4-B4', 350.00, 'Available', '2024-11-04 10:51:34', '2024-12-23 18:33:18', NULL, 350.00),
('B0046', 'R0033', 'U5001', 'E-22B-R5-B5', 350.00, 'Rented', '2024-11-04 10:52:23', '2025-01-07 23:55:42', 'A003', 350.00),
('B0047', 'R0034', 'U5001', 'E-22B-R6-B6', 350.00, 'Rented', '2024-11-04 10:54:52', '2025-01-07 23:57:12', 'A003', 350.00),
('B0049', 'R0035', 'U5001', 'E-22B-R7-B7', 600.00, 'Available', '2024-11-04 10:55:08', '2024-12-23 18:33:18', NULL, 600.00),
('B0050', 'R0036', 'U5001', 'E-22B-R8-B8', 550.00, 'Rented', '2024-11-04 10:55:22', '2025-01-04 21:32:00', 'A003', 550.00),
('B0051', 'R0037', 'U5001', 'E-22B-R9-B9', 400.00, 'Rented', '2024-11-04 10:55:32', '2025-04-30 14:57:38', 'A003', 400.00),
('B0052', 'R0038', 'U5001', 'E-22B-R10-B10', 550.00, 'Available', '2024-11-04 10:55:41', '2025-01-08 13:31:22', NULL, 550.00),
('B0053', 'R0039', 'U6001', 'A-9-7-R1-B1', 250.00, 'Rented', '2024-11-04 11:14:54', '2025-03-12 17:17:29', 'A002', 250.00),
('B0054', 'R0039', 'U6001', 'A-9-7-R1-B2', 250.00, 'Rented', '2024-11-04 11:14:54', '2025-03-12 17:19:42', 'A002', 250.00),
('B0055', 'R0039', 'U6001', 'A-9-7-R1-B3', 250.00, 'Rented', '2024-11-04 11:14:54', '2025-04-30 15:57:26', 'A002', 250.00),
('B0056', 'R0039', 'U6001', 'A-9-7-R1-B4', 250.00, 'Rented', '2024-11-04 11:14:54', '2025-04-30 15:50:10', 'A002', 250.00),
('B0057', 'R0040', 'U6001', 'A-9-7-R2-B5', 250.00, 'Available', '2024-11-04 11:15:01', '2025-02-09 23:11:56', NULL, 250.00),
('B0058', 'R0040', 'U6001', 'A-9-7-R2-B6', 250.00, 'Available', '2024-11-04 11:15:01', '2025-01-12 20:01:37', NULL, 250.00),
('B0059', 'R0040', 'U6001', 'A-9-7-R2-B7', 250.00, 'Available', '2024-11-04 11:15:01', '2024-12-23 18:33:18', NULL, 250.00),
('B0060', 'R0040', 'U6001', 'A-9-7-R2-B8', 250.00, 'Available', '2024-11-04 11:15:01', '2024-12-23 18:33:18', NULL, 250.00),
('B0061', 'R0041', 'U6001', 'A-9-7-R3-B9', 250.00, 'Available', '2024-11-04 11:15:33', '2024-12-23 18:33:18', NULL, 250.00),
('B0062', 'R0041', 'U6001', 'A-9-7-R3-B10', 250.00, 'Rented', '2024-11-04 11:15:33', '2025-01-09 23:23:40', 'A002', 250.00),
('B0063', 'R0042', 'U6001', 'A-9-7-R4-B11', 250.00, 'Available', '2024-11-04 11:15:51', '2025-02-09 23:11:09', NULL, 250.00),
('B0064', 'R0042', 'U6001', 'A-9-7-R4-B12', 250.00, 'Available', '2024-11-04 11:15:51', '2025-02-09 23:11:21', NULL, 250.00),
('B0065', 'R0043', 'U6002', 'A-3-8-R1-B1', 280.00, 'Staff', '2024-11-04 11:18:16', '2025-01-09 23:51:55', NULL, 280.00),
('B0066', 'R0043', 'U6002', 'A-3-8-R1-B2', 280.00, 'Staff', '2024-11-04 11:18:16', '2025-01-09 23:52:07', NULL, 280.00),
('B0067', 'R0044', 'U6002', 'A-3-8-R2-B3', 250.00, 'Available', '2024-11-04 11:18:42', '2024-12-23 21:29:26', NULL, 250.00),
('B0068', 'R0044', 'U6002', 'A-3-8-R2-B4', 250.00, 'Available', '2024-11-04 11:18:42', '2024-12-23 21:29:26', NULL, 250.00),
('B0069', 'R0044', 'U6002', 'A-3-8-R2-B5', 250.00, 'Unavailable', '2024-11-04 11:18:42', '2025-01-09 23:51:17', NULL, 250.00),
('B0070', 'R0044', 'U6002', 'A-3-8-R2-B6', 250.00, 'Unavailable', '2024-11-04 11:18:42', '2025-01-09 23:51:36', NULL, 250.00),
('B0071', 'R0045', 'U6002', 'A-3-8-R3-B7', 250.00, 'Available', '2024-11-04 11:20:27', '2024-12-23 21:29:26', NULL, 250.00),
('B0072', 'R0045', 'U6002', 'A-3-8-R3-B8', 250.00, 'Available', '2024-11-04 11:20:27', '2024-12-23 18:33:18', NULL, 250.00),
('B0073', 'R0045', 'U6002', 'A-3-8-R3-B9', 250.00, 'Rented', '2024-11-04 11:20:27', '2025-01-08 02:25:50', 'A002', 250.00),
('B0074', 'R0045', 'U6002', 'A-3-8-R3-B10', 250.00, 'Rented', '2024-11-04 11:20:27', '2025-01-08 02:27:29', 'A002', 250.00),
('B0075', 'R0046', 'U6002', 'A-3-8-R4-B11', 250.00, 'Available', '2024-11-04 11:20:36', '2024-12-23 18:33:18', NULL, 250.00),
('B0076', 'R0046', 'U6002', 'A-3-8-R4-B12', 250.00, 'Available', '2024-11-04 11:20:36', '2024-12-23 18:33:18', NULL, 250.00),
('B0077', 'R0046', 'U6002', 'A-3-8-R4-B13', 250.00, 'Rented', '2024-11-04 11:20:36', '2025-03-24 14:16:42', 'A007', 250.00),
('B0078', 'R0046', 'U6002', 'A-3-8-R4-B14', 250.00, 'Available', '2024-11-04 11:20:36', '2024-12-23 18:33:18', NULL, 250.00),
('B0079', 'R0046', 'U6002', 'A-3-8-R4-B15', 250.00, 'Available', '2024-11-04 11:20:36', '2024-12-23 18:33:18', NULL, 250.00),
('B0080', 'R0046', 'U6002', 'A-3-8-R4-B16', 250.00, 'Available', '2024-11-04 11:20:36', '2024-12-23 18:33:18', NULL, 250.00),
('B0081', 'R0047', 'U7001', 'B-16-3A-R1-B1', 250.00, 'Rented', '2024-11-04 11:32:13', '2025-01-08 00:19:48', 'A003', 250.00),
('B0082', 'R0047', 'U7001', 'B-16-3A-R1-B2', 250.00, 'Rented', '2024-11-04 11:32:13', '2025-01-08 00:19:48', 'A002', 250.00),
('B0083', 'R0047', 'U7001', 'B-16-3A-R1-B3', 250.00, 'Rented', '2024-11-04 11:32:13', '2025-03-11 18:11:36', 'A002', 280.00),
('B0084', 'R0047', 'U7001', 'B-16-3A-R1-B4', 250.00, 'Rented', '2024-11-04 11:32:13', '2025-03-13 14:29:22', 'A002', 280.00),
('B0085', 'R0048', 'U7001', 'B-16-3A-R2-B5', 280.00, 'Rented', '2024-11-04 11:32:21', '2025-01-05 22:36:10', 'A005', 280.00),
('B0086', 'R0048', 'U7001', 'B-16-3A-R2-B6', 280.00, 'Rented', '2024-11-04 11:32:21', '2025-01-05 22:37:34', 'A005', 280.00),
('B0087', 'R0048', 'U7001', 'B-16-3A-R2-B7', 280.00, 'Rented', '2024-11-04 11:32:21', '2025-03-13 11:58:18', 'A002', 280.00),
('B0088', 'R0048', 'U7001', 'B-16-3A-R2-B8', 280.00, 'Rented', '2024-11-04 11:32:21', '2025-01-08 00:23:17', 'A002', 280.00),
('B0089', 'R0049', 'U7001', 'B-16-3A-R3-B9', 250.00, 'Available', '2024-11-04 11:32:35', '2024-12-23 18:33:18', NULL, 250.00),
('B0090', 'R0049', 'U7001', 'B-16-3A-R3-B10', 250.00, 'Available', '2024-11-04 11:32:35', '2024-12-23 18:33:18', NULL, 250.00),
('B0091', 'R0050', 'U7001', 'B-16-3A-R4-B11', 250.00, 'Unavailable', '2024-11-04 11:32:41', '2025-03-04 22:24:31', NULL, 250.00),
('B0092', 'R0050', 'U7001', 'B-16-3A-R4-B12', 250.00, 'Unavailable', '2024-11-04 11:32:41', '2025-03-04 22:24:00', NULL, 250.00),
('B0093', 'R0051', 'U7002', 'A-29-6-R1-B1', 280.00, 'Rented', '2024-11-05 02:18:40', '2025-01-05 16:06:33', 'A002', 280.00),
('B0094', 'R0051', 'U7002', 'A-29-6-R1-B2', 280.00, 'Rented', '2024-11-05 02:18:40', '2025-03-09 21:20:31', 'A002', 280.00),
('B0095', 'R0051', 'U7002', 'A-29-6-R1-B3', 280.00, 'Rented', '2024-11-05 02:18:40', '2025-01-05 16:08:11', 'A007', 280.00),
('B0096', 'R0051', 'U7002', 'A-29-6-R1-B4', 280.00, 'Available', '2024-11-05 02:18:40', '2025-04-09 20:58:58', NULL, 280.00),
('B0097', 'R0051', 'U7002', 'A-29-6-R1-B5', 280.00, 'Available', '2024-11-05 02:18:40', '2024-12-23 18:33:18', NULL, 280.00),
('B0098', 'R0051', 'U7002', 'A-29-6-R1-B6', 280.00, 'Rented', '2024-11-05 02:18:40', '2025-01-05 15:56:23', 'A002', 280.00),
('B0099', 'R0052', 'U7002', 'A-29-6-R2-B7', 280.00, 'Rented', '2024-11-05 02:19:00', '2025-01-05 15:53:34', 'A002', 280.00),
('B0100', 'R0052', 'U7002', 'A-29-6-R2-B8', 280.00, 'Available', '2024-11-05 02:19:00', '2025-03-09 21:41:08', NULL, 280.00),
('B0101', 'R0052', 'U7002', 'A-29-6-R2-B9', 280.00, 'Rented', '2024-11-05 02:19:00', '2025-04-22 16:23:05', 'A007', 280.00),
('B0102', 'R0052', 'U7002', 'A-29-6-R2-B10', 280.00, 'Available', '2024-11-05 02:19:00', '2024-12-23 18:33:18', NULL, 280.00),
('B0103', 'R0053', 'U7002', 'A-29-6-R3-B11', 280.00, 'Rented', '2024-11-05 02:20:03', '2025-01-08 13:36:23', 'A003', 280.00),
('B0104', 'R0053', 'U7002', 'A-29-6-R3-B12', 280.00, 'Rented', '2024-11-05 02:20:03', '2025-01-05 15:50:32', 'A002', 280.00),
('B0105', 'R0053', 'U7002', 'A-29-6-R3-B13', 280.00, 'Available', '2024-11-05 02:20:03', '2025-02-09 21:34:20', NULL, 280.00),
('B0106', 'R0053', 'U7002', 'A-29-6-R3-B14', 280.00, 'Available', '2024-11-05 02:20:03', '2025-02-09 21:34:03', NULL, 280.00),
('B0107', 'R0054', 'U7002', 'A-29-6-R4-B15', 280.00, 'Available', '2024-11-05 02:20:13', '2024-12-23 18:33:18', NULL, 280.00),
('B0108', 'R0054', 'U7002', 'A-29-6-R4-B16', 280.00, 'Available', '2024-11-05 02:20:13', '2024-12-23 18:33:18', NULL, 280.00),
('B0109', 'R0055', 'U7003', 'B-13-9-R1-B1', 280.00, 'Available', '2024-11-05 02:23:38', '2024-12-23 18:33:18', NULL, 280.00),
('B0110', 'R0055', 'U7003', 'B-13-9-R1-B2', 280.00, 'Available', '2024-11-05 02:23:38', '2024-12-23 18:33:18', NULL, 280.00),
('B0111', 'R0055', 'U7003', 'B-13-9-R1-B3', 280.00, 'Available', '2024-11-05 02:23:38', '2024-12-23 18:33:18', NULL, 280.00),
('B0112', 'R0055', 'U7003', 'B-13-9-R1-B4', 280.00, 'Available', '2024-11-05 02:23:38', '2024-12-23 18:33:18', NULL, 280.00),
('B0113', 'R0056', 'U7003', 'B-13-9-R2-B5', 280.00, 'Available', '2024-11-05 02:23:53', '2024-12-23 18:33:18', NULL, 280.00),
('B0114', 'R0056', 'U7003', 'B-13-9-R2-B6', 280.00, 'Available', '2024-11-05 02:23:53', '2024-12-23 18:33:18', NULL, 280.00),
('B0115', 'R0056', 'U7003', 'B-13-9-R2-B7', 280.00, 'Available', '2024-11-05 02:23:53', '2024-12-23 18:33:18', NULL, 280.00),
('B0116', 'R0056', 'U7003', 'B-13-9-R2-B8', 280.00, 'Available', '2024-11-05 02:23:53', '2024-12-23 18:33:18', NULL, 280.00),
('B0117', 'R0057', 'U7003', 'B-13-9-R3-B9', 280.00, 'Rented', '2024-11-05 02:24:16', '2025-01-05 14:06:51', 'A005', 280.00),
('B0118', 'R0057', 'U7003', 'B-13-9-R3-B10', 280.00, 'Rented', '2024-11-05 02:24:16', '2025-01-05 14:04:48', 'A005', 280.00),
('B0119', 'R0057', 'U7003', 'B-13-9-R3-B11', 280.00, 'Rented', '2024-11-05 02:24:16', '2025-01-05 13:59:08', 'A005', 280.00),
('B0120', 'R0057', 'U7003', 'B-13-9-R3-B12', 280.00, 'Rented', '2024-11-05 02:24:16', '2025-01-05 13:46:35', 'A002', 280.00),
('B0121', 'R0057', 'U7003', 'B-13-9-R3-B13', 280.00, 'Available', '2024-11-05 02:24:16', '2025-01-10 00:03:37', NULL, 280.00),
('B0122', 'R0057', 'U7003', 'B-13-9-R3-B14', 280.00, 'Available', '2024-11-05 02:24:16', '2024-12-23 18:33:18', NULL, 280.00),
('B0123', 'R0058', 'U7003', 'B-13-9-R4-B15', 280.00, 'Available', '2024-11-05 02:24:27', '2024-12-23 18:33:18', NULL, 280.00),
('B0124', 'R0058', 'U7003', 'B-13-9-R4-B16', 280.00, 'Available', '2024-11-05 02:24:27', '2024-12-23 18:33:18', NULL, 280.00),
('B0125', 'R0058', 'U7003', 'B-13-9-R4-B17', 280.00, 'Available', '2024-11-05 02:24:27', '2024-12-23 18:33:18', NULL, 280.00),
('B0126', 'R0058', 'U7003', 'B-13-9-R4-B18', 280.00, 'Available', '2024-11-05 02:24:27', '2024-12-23 18:33:18', NULL, 280.00),
('B0127', 'R0059', 'U8001', 'A-17-2-R1-B1', 250.00, 'Available', '2024-11-05 02:34:22', '2024-12-23 18:33:18', NULL, 250.00),
('B0128', 'R0059', 'U8001', 'A-17-2-R1-B2', 250.00, 'Available', '2024-11-05 02:34:22', '2024-12-23 18:33:18', NULL, 250.00),
('B0129', 'R0060', 'U8001', 'A-17-2-R2-B3', 250.00, 'Rented', '2024-11-05 02:34:31', '2025-02-28 11:58:35', 'A002', 250.00),
('B0130', 'R0060', 'U8001', 'A-17-2-R2-B4', 250.00, 'Rented', '2024-11-05 02:34:31', '2025-02-28 12:00:40', 'A002', 250.00),
('B0131', 'R0060', 'U8001', 'A-17-2-R2-B5', 250.00, 'Available', '2024-11-05 02:34:31', '2024-12-23 18:33:18', NULL, 250.00),
('B0132', 'R0060', 'U8001', 'A-17-2-R2-B6', 250.00, 'Available', '2024-11-05 02:34:31', '2025-02-09 23:01:55', NULL, 250.00),
('B0133', 'R0061', 'U8001', 'A-17-2-R3-B7', 250.00, 'Available', '2024-11-05 02:34:42', '2025-02-09 23:02:31', NULL, 250.00),
('B0134', 'R0061', 'U8001', 'A-17-2-R3-B8', 250.00, 'Available', '2024-11-05 02:34:42', '2025-02-09 23:02:37', NULL, 250.00),
('B0135', 'R0061', 'U8001', 'A-17-2-R3-B9', 250.00, 'Rented', '2024-11-05 02:34:42', '2025-01-05 04:13:08', 'A002', 250.00),
('B0136', 'R0061', 'U8001', 'A-17-2-R3-B10', 250.00, 'Rented', '2024-11-05 02:34:42', '2025-04-30 16:03:07', 'A002', 250.00),
('B0137', 'R0062', 'U8001', 'A-17-2-R4-B11', 250.00, 'Rented', '2024-11-05 02:34:51', '2025-01-04 23:25:34', 'A002', 250.00),
('B0138', 'R0062', 'U8001', 'A-17-2-R4-B12', 250.00, 'Rented', '2024-11-05 02:34:51', '2025-01-04 22:45:52', 'A002', 250.00),
('B0139', 'R0062', 'U8001', 'A-17-2-R4-B13', 250.00, 'Rented', '2024-11-05 02:34:51', '2025-01-04 09:28:24', 'A005', 250.00),
('B0140', 'R0062', 'U8001', 'A-17-2-R4-B14', 250.00, 'Available', '2024-11-05 02:34:51', '2024-12-23 18:33:18', NULL, 250.00),
('B0141', 'R0062', 'U8001', 'A-17-2-R4-B15', 250.00, 'Available', '2024-11-05 02:34:51', '2024-12-23 18:33:18', NULL, 250.00),
('B0142', 'R0062', 'U8001', 'A-17-2-R4-B16', 250.00, 'Available', '2024-11-05 02:34:51', '2024-12-23 18:33:18', NULL, 250.00),
('B0143', 'R0063', 'U8002', 'A-11-11-R1-B1', 620.00, 'Rented', '2025-01-05 15:50:59', '2025-01-05 16:01:37', 'A005', 620.00);

-- --------------------------------------------------------

--
-- Table structure for table `credit`
--

CREATE TABLE `credit` (
  `CreditID` varchar(255) NOT NULL,
  `TenantID` varchar(255) DEFAULT NULL,
  `CreditAmount` decimal(10,2) NOT NULL,
  `CreditDate` datetime NOT NULL,
  `Remarks` varchar(255) DEFAULT NULL,
  `Applied` tinyint(1) DEFAULT '0'
) ENGINE=InnoDB DEFAULT CHARSET=utf8mb4;

-- --------------------------------------------------------

--
-- Table structure for table `deposit`
--

CREATE TABLE `deposit` (
  `DepositID` varchar(255) NOT NULL,
  `TenantID` varchar(255) DEFAULT NULL,
  `BedID` varchar(6) NOT NULL,
  `AgentID` varchar(6) NOT NULL,
  `BedRentAmount` decimal(10,2) NOT NULL DEFAULT '0.00',
  `DepositAmount` decimal(10,2) NOT NULL,
  `PaidAmount` decimal(10,2) NOT NULL,
  `RemainingAmount` decimal(10,2) NOT NULL,
  `PaymentMadeDate` datetime NOT NULL
) ENGINE=InnoDB DEFAULT CHARSET=utf8mb4;

--
-- Dumping data for table `deposit`
--

INSERT INTO `deposit` (`DepositID`, `TenantID`, `BedID`, `AgentID`, `BedRentAmount`, `DepositAmount`, `PaidAmount`, `RemainingAmount`, `PaymentMadeDate`) VALUES
('DEP17417692057247', '040617-03-0565', 'B0019', 'A002', 250.00, 550.00, 550.00, 0.00, '2025-03-12 16:46:45'),
('DEP17418382977741', '960718035869', 'B0087', 'A002', 280.00, 610.00, 610.00, 0.00, '2025-03-13 11:58:18'),
('DEP17418387641122', '011207020265', 'B0012', 'A002', 250.00, 550.00, 550.00, 0.00, '2025-03-13 12:06:04'),
('DEP17427970021305', '040229010159', 'B0077', 'A007', 250.00, 550.00, 550.00, 0.00, '2025-03-24 14:16:42'),
('DEP17453101855320', '010725-08-0730', 'B0101', 'A007', 280.00, 610.00, 610.00, 0.00, '2025-04-22 16:23:05'),
('DEP17459962586595', '980919015379', 'B0051', 'A003', 400.00, 850.00, 850.00, 0.00, '2025-04-30 14:57:38'),
('DEP17459994101573', '060329120572', 'B0056', 'A002', 250.00, 550.00, 550.00, 0.00, '2025-04-30 15:50:10'),
('DEP17459998468696', '810415105248', 'B0055', 'A002', 250.00, 550.00, 550.00, 0.00, '2025-04-30 15:57:26'),
('DEP17460001872142', '980416106957', 'B0136', 'A002', 250.00, 550.00, 550.00, 0.00, '2025-04-30 16:03:07'),
('DEP17460027047253', '970112065181', 'B0003', 'A002', 250.00, 550.00, 550.00, 0.00, '2025-04-30 16:45:04'),
('DEP17460032216511', '040709130643', 'B0001', 'A002', 250.00, 550.00, 550.00, 0.00, '2025-04-30 16:53:41'),
('DEP17460052982139', '990502036173', 'B0009', 'A005', 250.00, 550.00, 550.00, 0.00, '2025-04-30 17:28:18');

-- --------------------------------------------------------

--
-- Table structure for table `parking`
--

CREATE TABLE `parking` (
  `ParkingID` varchar(6) NOT NULL,
  `SpaceNumber` varchar(50) NOT NULL,
  `Price` decimal(10,2) NOT NULL,
  `Availability` enum('Available','Occupied') DEFAULT 'Available',
  `TenantID` varchar(6) DEFAULT NULL,
  `UnitID` varchar(6) DEFAULT NULL
) ENGINE=InnoDB DEFAULT CHARSET=utf8mb4;

--
-- Dumping data for table `parking`
--

INSERT INTO `parking` (`ParkingID`, `SpaceNumber`, `Price`, `Availability`, `TenantID`, `UnitID`) VALUES
('P0001', '997', 150.00, 'Available', NULL, 'U1001'),
('P0002', '127', 150.00, 'Available', NULL, 'U1002'),
('P0003', '527', 100.00, 'Available', NULL, 'U2001'),
('P0004', '957', 150.00, 'Available', NULL, 'U6001'),
('P0005', '567', 150.00, 'Available', NULL, 'U7003');

-- --------------------------------------------------------

--
-- Table structure for table `payment`
--

CREATE TABLE `payment` (
  `PaymentID` varchar(50) NOT NULL,
  `TenantID` varchar(255) DEFAULT NULL,
  `RoomID` varchar(255) DEFAULT NULL,
  `BedID` varchar(255) DEFAULT NULL,
  `AgentID` varchar(255) DEFAULT NULL,
  `DateCreated` datetime NOT NULL DEFAULT CURRENT_TIMESTAMP,
  `Month` varchar(50) DEFAULT NULL,
  `Year` int(11) DEFAULT NULL,
  `Amount` decimal(10,2) NOT NULL,
  `Overpayment` decimal(10,2) DEFAULT '0.00',
  `PaymentType` varchar(50) DEFAULT NULL,
  `ChargeFee` decimal(10,2) DEFAULT NULL,
  `PaymentStatus` varchar(50) DEFAULT 'Successful',
  `Remarks` varchar(255) DEFAULT NULL,
  `Claimed` tinyint(1) DEFAULT '0',
  `Claimer` varchar(255) DEFAULT NULL
) ENGINE=InnoDB DEFAULT CHARSET=utf8mb4;

--
-- Dumping data for table `payment`
--

INSERT INTO `payment` (`PaymentID`, `TenantID`, `RoomID`, `BedID`, `AgentID`, `DateCreated`, `Month`, `Year`, `Amount`, `Overpayment`, `PaymentType`, `ChargeFee`, `PaymentStatus`, `Remarks`, `Claimed`, `Claimer`) VALUES
('0bvu2zql', '250107140064', NULL, 'B0064', 'A002', '2025-01-10 16:41:01', 'Jan', 2025, 250.00, 0.00, 'Deposit Payment', 1.10, 'Successful', 'Deposit Payment', 0, NULL),
('0ckhlhvu', '990721075295', NULL, 'B0137', 'A002', '2025-01-11 21:33:53', 'Jan', 2025, 250.00, 0.00, 'Deposit Payment', 1.10, 'Successful', 'Deposit Payment', 0, NULL),
('14d93b853b6a9ad5', '980416106957', NULL, 'B0136', 'A002', '2025-04-30 16:03:07', 'Apr', 2025, 550.00, 0.00, 'Deposit Payment', 1.10, 'Successful', 'Initial Deposit Payment (Bill ID: 14d93b853b6a9ad5)', 0, NULL),
('14d93b853b6a9ad5_RENT', '980416106957', NULL, 'B0136', 'A002', '2025-04-30 16:03:07', 'May', 2025, 250.00, 0.00, 'Rent Payment', 0.00, 'Successful', 'First Month Rent Payment (Bill ID: 14d93b853b6a9ad5)', 0, NULL),
('164aa9fe74f3a1d0', '060329120572', NULL, 'B0056', 'A002', '2025-04-30 15:50:10', 'Apr', 2025, 550.00, 0.00, 'Deposit Payment', 1.10, 'Successful', 'Initial Deposit Payment (Bill ID: 164aa9fe74f3a1d0)', 0, NULL),
('164aa9fe74f3a1d0_RENT', '060329120572', NULL, 'B0056', 'A002', '2025-04-30 15:50:10', 'May', 2025, 250.00, 0.00, 'Rent Payment', 0.00, 'Successful', 'First Month Rent Payment (Bill ID: 164aa9fe74f3a1d0)', 0, NULL),
('1975fa35f1c33d5a', '980919015379', NULL, 'B0051', 'A003', '2025-04-30 14:57:38', 'Apr', 2025, 850.00, 0.00, 'Deposit Payment', 1.10, 'Successful', 'Initial Deposit Payment (Bill ID: 1975fa35f1c33d5a)', 0, NULL),
('1975fa35f1c33d5a_RENT', '980919015379', NULL, 'B0051', 'A003', '2025-04-30 14:57:38', 'May', 2025, 400.00, 0.00, 'Rent Payment', 0.00, 'Successful', 'First Month Rent Payment (Bill ID: 1975fa35f1c33d5a)', 0, NULL),
('1dw0drob_011207020265', '011207020265', NULL, 'B0012', 'A002', '2025-04-09 11:34:51', 'Apr', 2025, 250.00, 0.00, 'Rent Payment', 1.10, 'Successful', 'Lumpsum rent payment for Apr 2025', 0, NULL),
('1gd1mmhy_040225110347', '040225110347', NULL, 'B0029', 'A002', '2025-04-09 12:50:13', 'Apr', 2025, 250.00, 0.00, 'Rent Payment', 1.10, 'Successful', 'Lumpsum rent payment for Apr 2025', 0, NULL),
('1gd1mmhy_250107140015', '250107140015', NULL, 'B0015', 'A002', '2025-04-09 12:50:13', 'Apr', 2025, 500.00, 0.00, 'Rent Payment', 1.10, 'Successful', 'Lumpsum rent payment for Apr 2025', 0, NULL),
('22wqvtf0_001107030627', '001107030627', NULL, 'B0130', 'A002', '2025-04-08 18:46:20', 'Apr', 2025, 250.00, 0.00, 'Rent Payment', 1.10, 'Successful', 'Lumpsum rent payment for Apr 2025', 0, NULL),
('22wqvtf0_010725130857', '010725130857', NULL, 'B0139', 'A002', '2025-04-08 18:46:20', 'Apr', 2025, 250.00, 0.00, 'Rent Payment', 1.10, 'Successful', 'Lumpsum rent payment for Apr 2025', 0, NULL),
('22wqvtf0_010829090095', '010829090095', NULL, 'B0138', 'A002', '2025-04-08 18:46:20', 'Apr', 2025, 250.00, 0.00, 'Rent Payment', 1.10, 'Successful', 'Lumpsum rent payment for Apr 2025', 0, NULL),
('22wqvtf0_011108-02-0497', '011108-02-0497', NULL, 'B0135', 'A002', '2025-04-08 18:46:20', 'Apr', 2025, 250.00, 0.00, 'Rent Payment', 1.10, 'Successful', 'Lumpsum rent payment for Apr 2025', 0, NULL),
('22wqvtf0_940519115657', '940519115657', NULL, 'B0129', 'A002', '2025-04-08 18:46:20', 'Apr', 2025, 250.00, 0.00, 'Rent Payment', 1.10, 'Successful', 'Lumpsum rent payment for Apr 2025', 0, NULL),
('22wqvtf0_990721075295', '990721075295', NULL, 'B0137', 'A002', '2025-04-08 18:46:20', 'Apr', 2025, 250.00, 0.00, 'Rent Payment', 1.10, 'Successful', 'Lumpsum rent payment for Apr 2025', 0, NULL),
('2rihsote', '010829090095', NULL, 'B0138', 'A002', '2025-01-11 21:35:28', 'Jan', 2025, 250.00, 0.00, 'Deposit Payment', 1.10, 'Successful', 'Deposit Payment', 0, NULL),
('30b565ff131e8194', '970112065181', NULL, 'B0003', 'A002', '2025-04-30 16:45:04', 'Apr', 2025, 550.00, 0.00, 'Deposit Payment', 1.10, 'Successful', 'Initial Deposit Payment (Bill ID: 30b565ff131e8194)', 0, NULL),
('30b565ff131e8194_RENT', '970112065181', NULL, 'B0003', 'A002', '2025-04-30 16:45:04', 'May', 2025, 250.00, 0.00, 'Rent Payment', 0.00, 'Successful', 'First Month Rent Payment (Bill ID: 30b565ff131e8194)', 0, NULL),
('3bb245dfc9e7e5ec', '810415105248', NULL, 'B0055', 'A002', '2025-04-30 15:57:26', 'Apr', 2025, 550.00, 0.00, 'Deposit Payment', 1.10, 'Successful', 'Initial Deposit Payment (Bill ID: 3bb245dfc9e7e5ec)', 0, NULL),
('3bb245dfc9e7e5ec_RENT', '810415105248', NULL, 'B0055', 'A002', '2025-04-30 15:57:26', 'May', 2025, 250.00, 0.00, 'Rent Payment', 0.00, 'Successful', 'First Month Rent Payment (Bill ID: 3bb245dfc9e7e5ec)', 0, NULL),
('4azp5lt5_000720140416', '000720140416', NULL, 'B0104', 'A002', '2025-03-12 15:57:58', 'Mar', 2025, 280.00, 0.00, 'Rent Payment', 1.10, 'Successful', 'Lumpsum rent payment for Mar 2025', 0, NULL),
('4azp5lt5_001006080414', '001006080414', NULL, 'B0103', 'A002', '2025-03-12 15:57:58', 'Mar', 2025, 280.00, 0.00, 'Rent Payment', 1.10, 'Successful', 'Lumpsum rent payment for Mar 2025', 0, NULL),
('4azp5lt5_050422101262', '050422101262', NULL, 'B0095', 'A002', '2025-03-12 15:57:58', 'Mar', 2025, 280.00, 0.00, 'Rent Payment', 1.10, 'Successful', 'Lumpsum rent payment for Mar 2025', 0, NULL),
('4azp5lt5_981127026306', '981127026306', NULL, 'B0098', 'A002', '2025-03-12 15:57:58', 'Mar', 2025, 280.00, 0.00, 'Rent Payment', 1.10, 'Successful', 'Lumpsum rent payment for Mar 2025', 0, NULL),
('4kh50vog', '250107140074', NULL, 'B0074', 'A002', '2025-01-10 16:49:08', 'Jan', 2025, 250.00, 0.00, 'Deposit Payment', 1.10, 'Successful', 'Deposit Payment', 0, NULL),
('4ztlis52_020313060679', '020313060679', NULL, 'B0008', 'A002', '2025-04-09 11:28:44', 'Apr', 2025, 550.00, 0.00, 'Rent Payment', 1.10, 'Successful', 'Lumpsum rent payment for Apr 2025', 0, NULL),
('63r7mv18', '030312101220', NULL, 'B0120', 'A002', '2025-01-11 20:13:41', 'Jan', 2025, 280.00, 0.00, 'Deposit Payment', 1.10, 'Successful', 'Deposit Payment', 0, NULL),
('9udo29zf', '030807120123', NULL, 'B0057', 'A002', '2025-01-10 16:33:19', 'Jan', 2025, 250.00, 0.00, 'Deposit Payment', 1.10, 'Successful', 'Deposit Payment', 0, NULL),
('a16a4576e39a71ef', '010725-08-0730', NULL, 'B0101', 'A007', '2025-04-22 16:23:05', 'Apr', 2025, 610.00, 0.00, 'Deposit Payment', 1.10, 'Successful', 'Initial Deposit Payment (Bill ID: a16a4576e39a71ef)', 0, NULL),
('a16a4576e39a71ef_RENT', '010725-08-0730', NULL, 'B0101', 'A007', '2025-04-22 16:23:05', 'Apr', 2025, 280.00, 0.00, 'Rent Payment', 1.10, 'Successful', 'First Month Rent Payment (Bill ID: a16a4576e39a71ef)', 0, NULL),
('a83s40ta', '040225110347', NULL, 'B0029', 'A003', '2025-01-10 00:41:56', 'Jan', 2025, 250.00, 0.00, 'Deposit Payment', 1.10, 'Successful', 'Deposit Payment', 0, NULL),
('b2hghyd0', '000128-03-0525', NULL, 'B0134', 'A002', '2025-01-11 21:30:26', 'Jan', 2025, 250.00, 0.00, 'Deposit Payment', 1.10, 'Successful', 'Deposit Payment', 0, NULL),
('bd3ww0q9', '690102038749', NULL, 'B0054', 'A002', '2025-01-10 16:29:23', 'Jan', 2025, 250.00, 0.00, 'Deposit Payment', 1.10, 'Successful', 'Deposit Payment', 0, NULL),
('bdu0netc', '000129-03-1327', NULL, 'B0133', 'A002', '2025-01-11 20:20:39', 'Jan', 2025, 250.00, 0.00, 'Deposit Payment', 1.10, 'Successful', 'Deposit Payment', 0, NULL),
('bnbbbhcz', '960718035869', NULL, 'B0087', 'A002', '2025-03-13 11:58:18', 'Mar', 2025, 610.00, 0.00, 'Deposit Payment', 1.10, 'Successful', 'Initial Deposit Payment (Bill ID: bnbbbhcz)', 0, NULL),
('bnbbbhcz_RENT', '960718035869', NULL, 'B0087', 'A002', '2025-03-13 11:58:18', 'Mar', 2025, 280.00, 0.00, 'Rent Payment', 1.10, 'Successful', 'First Month Rent Payment (Bill ID: bnbbbhcz)', 0, NULL),
('c8e5ee434a4a9b55', '990502036173', NULL, 'B0009', 'A005', '2025-04-30 17:28:18', 'Apr', 2025, 550.00, 0.00, 'Deposit Payment', 1.10, 'Successful', 'Initial Deposit Payment (Bill ID: c8e5ee434a4a9b55)', 0, NULL),
('c8e5ee434a4a9b55_RENT', '990502036173', NULL, 'B0009', 'A005', '2025-04-30 17:28:18', 'May', 2025, 250.00, 0.00, 'Rent Payment', 0.00, 'Successful', 'First Month Rent Payment (Bill ID: c8e5ee434a4a9b55)', 0, NULL),
('cas0c0bo_250107140073', '250107140073', NULL, 'B0073', 'A002', '2025-04-09 11:25:22', 'Apr', 2025, 250.00, 0.00, 'Rent Payment', 1.10, 'Successful', 'Lumpsum rent payment for Apr 2025', 0, NULL),
('cas0c0bo_250107140074', '250107140074', NULL, 'B0074', 'A002', '2025-04-09 11:25:22', 'Apr', 2025, 250.00, 0.00, 'Rent Payment', 1.10, 'Successful', 'Lumpsum rent payment for Apr 2025', 0, NULL),
('cas0c0bo_780522145021', '780522145021', 'R0044', NULL, 'A002', '2025-04-09 11:25:22', 'Apr', 2025, 600.00, 0.00, 'Rent Payment', 1.10, 'Successful', 'Lumpsum rent payment for Apr 2025', 0, NULL),
('d202816216d0d9a0', '040709130643', NULL, 'B0001', 'A002', '2025-04-30 16:53:41', 'Apr', 2025, 550.00, 0.00, 'Deposit Payment', 1.10, 'Successful', 'Initial Deposit Payment (Bill ID: d202816216d0d9a0)', 0, NULL),
('d202816216d0d9a0_RENT', '040709130643', NULL, 'B0001', 'A002', '2025-04-30 16:53:41', 'May', 2025, 250.00, 0.00, 'Rent Payment', 0.00, 'Successful', 'First Month Rent Payment (Bill ID: d202816216d0d9a0)', 0, NULL),
('dddv7tn9_050509120896', '050509120896', NULL, 'B0143', 'A002', '2025-04-08 18:53:20', 'Apr', 2025, 620.00, 0.00, 'Rent Payment', 1.10, 'Successful', 'Lumpsum rent payment for Apr 2025', 0, NULL),
('dp0e60n0_250107140037', '250107140037', NULL, 'B0037', 'A002', '2025-03-12 17:05:15', 'Mar', 2025, 250.00, 0.00, 'Rent Payment', 1.10, 'Successful', 'Lumpsum rent payment for Mar 2025', 0, NULL),
('ea83ob8m', '010817-11-0132', NULL, 'B0039', 'A003', '2025-01-12 19:08:41', 'Jan', 2025, 250.00, 0.00, 'Deposit Payment', 1.10, 'Successful', 'Deposit Payment', 0, NULL),
('ewcu4xo5_940718085219', '940718085219', NULL, 'B0002', 'A002', '2025-04-09 12:46:38', 'Apr', 2025, 250.00, 0.00, 'Rent Payment', 1.10, 'Successful', 'Lumpsum rent payment for Apr 2025', 0, NULL),
('fmrid0ja', '000822110250', NULL, 'B0038', 'A003', '2025-01-11 23:17:39', 'Jan', 2025, 250.00, 0.00, 'Deposit Payment', 1.10, 'Successful', 'Deposit Payment', 0, NULL),
('fqzxqhfc_145924D', '145924D', NULL, 'B0050', 'A002', '2025-03-13 11:41:37', 'Mar', 2025, 550.00, 0.00, 'Rent Payment', 1.10, 'Successful', 'Lumpsum rent payment for Mar 2025', 0, NULL),
('fsmdegsr', '021129-12-0445', NULL, 'B0083', 'A007', '2025-01-08 00:29:45', 'Jan', 2025, 280.00, 0.00, 'Deposit Payment', 1.10, 'Successful', 'Deposit Payment', 0, NULL),
('giy5as01', '250107140084', NULL, 'B0084', 'A002', '2025-01-12 19:21:44', 'Jan', 2025, 280.00, 0.00, 'Deposit Payment', 1.10, 'Successful', 'Deposit Payment', 0, NULL),
('gmad1cn6_940718085219', '940718085219', NULL, 'B0002', 'A002', '2025-03-13 11:45:04', 'Mar', 2025, 250.00, 0.00, 'Rent Payment', 1.10, 'Successful', 'Lumpsum rent payment for Mar 2025', 0, NULL),
('gnfmzvho', '030824060098', NULL, 'B0053', 'A002', '2025-01-10 16:27:02', 'Jan', 2025, 250.00, 0.00, 'Deposit Payment', 1.10, 'Successful', 'Deposit Payment', 0, NULL),
('gx2j0060', '900527065489', NULL, 'B0082', 'A002', '2025-01-12 19:17:55', 'Jan', 2025, 250.00, 0.00, 'Deposit Payment', 1.10, 'Successful', 'Deposit Payment', 0, NULL),
('hq2r80z9', '981001126133', NULL, 'B0086', 'A005', '2025-01-12 19:25:18', 'Jan', 2025, 280.00, 0.00, 'Deposit Payment', 1.10, 'Successful', 'Deposit Payment', 0, NULL),
('i903grip', '250107140046', NULL, 'B0046', 'A003', '2025-01-09 23:16:30', 'Jan', 2025, 350.00, 0.00, 'Deposit Payment', 1.10, 'Successful', 'Deposit Payment', 0, NULL),
('izj3nms7', '011207020265', NULL, 'B0012', 'A002', '2025-03-13 12:06:04', 'Mar', 2025, 550.00, 0.00, 'Deposit Payment', 1.10, 'Successful', 'Initial Deposit Payment (Bill ID: izj3nms7)', 0, NULL),
('izj3nms7_RENT', '011207020265', NULL, 'B0012', 'A002', '2025-03-13 12:06:04', 'Mar', 2025, 250.00, 0.00, 'Rent Payment', 1.10, 'Successful', 'First Month Rent Payment (Bill ID: izj3nms7)', 0, NULL),
('jsbsmgv1_050509120896', '050509120896', NULL, 'B0143', 'A002', '2025-03-12 16:09:00', 'Mar', 2025, 620.00, 0.00, 'Rent Payment', 1.10, 'Successful', 'Lumpsum rent payment for Mar 2025', 0, NULL),
('jwgtzcl3', '020713080433', NULL, 'B0043', 'A003', '2025-01-09 23:10:58', 'Jan', 2025, 350.00, 0.00, 'Deposit Payment', 1.10, 'Successful', 'Deposit Payment', 0, NULL),
('jxo6occx', '250107140081', NULL, 'B0081', 'A003', '2025-01-12 19:16:25', 'Jan', 2025, 250.00, 0.00, 'Deposit Payment', 1.10, 'Successful', 'Deposit Payment', 0, NULL),
('kk3v60s3', '040611020446', NULL, 'B0118', 'A005', '2025-01-10 17:13:03', 'Jan', 2025, 280.00, 0.00, 'Deposit Payment', 1.10, 'Successful', 'Deposit Payment', 0, NULL),
('kknxavnz', '040617-03-0565', NULL, 'B0019', 'A002', '2025-03-12 16:46:45', 'Mar', 2025, 550.00, 0.00, 'Deposit Payment', 1.10, 'Successful', 'Initial Deposit Payment (Bill ID: kknxavnz)', 0, NULL),
('kknxavnz_RENT', '040617-03-0565', NULL, 'B0019', 'A002', '2025-03-12 16:46:45', 'Mar', 2025, 250.00, 0.00, 'Rent Payment', 1.10, 'Successful', 'First Month Rent Payment (Bill ID: kknxavnz)', 0, NULL),
('lh0e1yqj', '050509120896', NULL, 'B0143', 'A005', '2025-01-10 00:19:13', 'Jan', 2025, 620.00, 0.00, 'Rent Payment', 1.10, 'Successful', 'Rent payment for Jan 2025', 0, NULL),
('li6jfff0', '010511-11-0586', NULL, 'B0040', 'A003', '2025-01-12 19:10:36', 'Jan', 2025, 250.00, 0.00, 'Deposit Payment', 1.10, 'Successful', 'Deposit Payment', 0, NULL),
('lr0vrb0g_040617-03-0565', '040617-03-0565', NULL, 'B0019', 'A002', '2025-04-09 11:49:02', 'Apr', 2025, 250.00, 0.00, 'Rent Payment', 1.10, 'Successful', 'Lumpsum rent payment for Apr 2025', 0, NULL),
('md0hit07', '250107140088', NULL, 'B0088', 'A002', '2025-01-12 19:26:46', 'Jan', 2025, 280.00, 0.00, 'Deposit Payment', 1.10, 'Successful', 'Deposit Payment', 0, NULL),
('mykn7ms4_030312101220', '030312101220', NULL, 'B0120', 'A002', '2025-04-08 19:23:25', 'Apr', 2025, 280.00, 0.00, 'Rent Payment', 1.10, 'Successful', 'Lumpsum rent payment for Apr 2025', 0, NULL),
('mykn7ms4_040111060134', '040111060134', NULL, 'B0119', 'A002', '2025-04-08 19:23:25', 'Apr', 2025, 280.00, 0.00, 'Rent Payment', 1.10, 'Successful', 'Lumpsum rent payment for Apr 2025', 0, NULL),
('mykn7ms4_040611020446', '040611020446', NULL, 'B0118', 'A002', '2025-04-08 19:23:25', 'Apr', 2025, 280.00, 0.00, 'Rent Payment', 1.10, 'Successful', 'Lumpsum rent payment for Apr 2025', 0, NULL),
('mykn7ms4_040613150076', '040613150076', NULL, 'B0117', 'A002', '2025-04-08 19:23:25', 'Apr', 2025, 280.00, 0.00, 'Rent Payment', 1.10, 'Successful', 'Lumpsum rent payment for Apr 2025', 0, NULL),
('njdl3x2i', '250107140132', NULL, 'B0132', 'A005', '2025-01-11 20:17:18', 'Jan', 2025, 250.00, 0.00, 'Deposit Payment', 1.10, 'Successful', 'Deposit Payment', 0, NULL),
('nml6t7a0', '010321031465', NULL, 'B0085', 'A005', '2025-01-12 19:23:20', 'Jan', 2025, 280.00, 0.00, 'Deposit Payment', 1.10, 'Successful', 'Deposit Payment', 0, NULL),
('nnavxwlq', '020313060679', NULL, 'B0008', 'A008', '2025-03-09 17:15:38', 'Mar', 2025, 550.00, 0.00, 'Rent Payment', 1.10, 'Successful', 'Rent payment for Mar 2025', 0, NULL),
('phfptwwo', '040229010159', NULL, 'B0077', 'A007', '2025-03-24 14:16:42', 'Mar', 2025, 550.00, 0.00, 'Deposit Payment', 1.10, 'Successful', 'Initial Deposit Payment (Bill ID: phfptwwo)', 0, NULL),
('phfptwwo_RENT', '040229010159', NULL, 'B0077', 'A007', '2025-03-24 14:16:42', 'Mar', 2025, 250.00, 0.00, 'Rent Payment', 1.10, 'Successful', 'First Month Rent Payment (Bill ID: phfptwwo)', 0, NULL),
('pjabamgo_000720140416', '000720140416', NULL, 'B0104', 'A002', '2025-04-08 20:48:33', 'Apr', 2025, 280.00, 0.00, 'Rent Payment', 1.10, 'Successful', 'Lumpsum rent payment for Apr 2025', 0, NULL),
('pjabamgo_001006080414', '001006080414', NULL, 'B0103', 'A002', '2025-04-08 20:48:33', 'Apr', 2025, 280.00, 0.00, 'Rent Payment', 1.10, 'Successful', 'Lumpsum rent payment for Apr 2025', 0, NULL),
('pjabamgo_020914011194', '020914011194', NULL, 'B0099', 'A002', '2025-04-08 20:48:33', 'Apr', 2025, 280.00, 0.00, 'Rent Payment', 1.10, 'Successful', 'Lumpsum rent payment for Apr 2025', 0, NULL),
('pjabamgo_050422101262', '050422101262', NULL, 'B0095', 'A002', '2025-04-08 20:48:33', 'Apr', 2025, 280.00, 0.00, 'Rent Payment', 1.10, 'Successful', 'Lumpsum rent payment for Apr 2025', 0, NULL),
('pjabamgo_250107140094', '250107140094', NULL, 'B0094', 'A002', '2025-04-08 20:48:33', 'Apr', 2025, 280.00, 0.00, 'Rent Payment', 1.10, 'Successful', 'Lumpsum rent payment for Apr 2025', 0, NULL),
('pjabamgo_960816115256', '960816115256', NULL, 'B0093', 'A002', '2025-04-08 20:48:33', 'Apr', 2025, 280.00, 0.00, 'Rent Payment', 1.10, 'Successful', 'Lumpsum rent payment for Apr 2025', 0, NULL),
('pjabamgo_981127026306', '981127026306', NULL, 'B0098', 'A002', '2025-04-08 20:48:33', 'Apr', 2025, 280.00, 0.00, 'Rent Payment', 1.10, 'Successful', 'Lumpsum rent payment for Apr 2025', 0, NULL),
('pof6ma7l', '010912-11-0034', NULL, 'B0041', 'A003', '2025-01-12 19:12:12', 'Jan', 2025, 250.00, 0.00, 'Deposit Payment', 1.10, 'Successful', 'Deposit Payment', 0, NULL),
('pwh6t500_000822110250', '000822110250', NULL, 'B0038', 'A002', '2025-04-09 12:47:43', 'Apr', 2025, 250.00, 0.00, 'Rent Payment', 1.10, 'Successful', 'Lumpsum rent payment for Apr 2025', 0, NULL),
('pwh6t500_250107140037', '250107140037', NULL, 'B0037', 'A002', '2025-04-09 12:47:43', 'Apr', 2025, 250.00, 0.00, 'Rent Payment', 1.10, 'Successful', 'Lumpsum rent payment for Apr 2025', 0, NULL),
('qwuq613k_020713080433', '020713080433', NULL, 'B0043', 'A002', '2025-04-08 20:54:55', 'Apr', 2025, 350.00, 0.00, 'Rent Payment', 1.10, 'Successful', 'Lumpsum rent payment for Apr 2025', 0, NULL),
('qwuq613k_250107140046', '250107140046', NULL, 'B0046', 'A002', '2025-04-08 20:54:55', 'Apr', 2025, 350.00, 0.00, 'Rent Payment', 1.10, 'Successful', 'Lumpsum rent payment for Apr 2025', 0, NULL),
('rajxyvre', '040111060134', NULL, 'B0119', 'A005', '2025-01-10 17:15:06', 'Jan', 2025, 280.00, 0.00, 'Deposit Payment', 1.10, 'Successful', 'Deposit Payment', 0, NULL),
('RENT1044463', '250107140084', NULL, 'B0084', 'A002', '2025-02-09 22:52:50', 'Feb', 2025, 280.00, 0.00, 'Rent Payment', 0.00, 'Successful', 'Trf to PLT', 0, NULL),
('RENT1353530', '250107140046', NULL, 'B0046', 'A003', '2025-02-09 23:20:06', 'Feb', 2025, 350.00, 0.00, 'Rent Payment', 0.00, 'Successful', 'Trf to PLT', 0, NULL),
('RENT1499659', '250107140096', NULL, 'B0096', 'A005', '2025-03-11 18:04:54', 'Mar', 2025, 280.00, 0.00, 'Rent Payment', 0.00, 'Successful', 'Trf to PLT - Billplz (LWXXG3PY)', 0, NULL),
('RENT1711054', '990721075295', NULL, 'B0137', 'A002', '2025-02-09 23:05:22', 'Feb', 2025, 250.00, 0.00, 'Rent Payment', 0.00, 'Successful', 'Trf to PLT', 0, NULL),
('RENT17362673', '021129-12-0445', NULL, 'B0083', 'A007', '2025-01-08 00:29:45', 'Jan', 2025, 280.00, 0.00, 'Rent Payment', 0.00, 'Successful', NULL, 0, NULL),
('RENT17364348', '010413080723', NULL, 'B0016', 'A005', '2025-01-09 23:00:58', 'Jan', 2025, 550.00, 0.00, 'Rent Payment', 0.00, 'Successful', NULL, 0, NULL),
('RENT17364354', '020713080433', NULL, 'B0043', 'A003', '2025-01-09 23:10:58', 'Jan', 2025, 350.00, 0.00, 'Rent Payment', 0.00, 'Successful', NULL, 0, NULL),
('RENT17364357', '250107140046', NULL, 'B0046', 'A003', '2025-01-09 23:16:30', 'Jan', 2025, 350.00, 0.00, 'Rent Payment', 0.00, 'Successful', NULL, 0, NULL),
('RENT17364372', '021113100466', NULL, 'B0106', 'A008', '2025-01-09 23:40:07', 'Jan', 2025, 280.00, 0.00, 'Rent Payment', 0.00, 'Successful', NULL, 0, NULL),
('RENT17364409', '040225110347', NULL, 'B0029', 'A003', '2025-01-10 00:41:56', 'Jan', 2025, 250.00, 0.00, 'Rent Payment', 0.00, 'Successful', NULL, 0, NULL),
('RENT17364976', '030824060098', NULL, 'B0053', 'A002', '2025-01-10 16:27:02', 'Jan', 2025, 250.00, 0.00, 'Rent Payment', 0.00, 'Successful', NULL, 0, NULL),
('RENT17364977', '690102038749', NULL, 'B0054', 'A002', '2025-01-10 16:29:23', 'Jan', 2025, 250.00, 0.00, 'Rent Payment', 0.00, 'Successful', NULL, 0, NULL),
('RENT17364979', '030807120123', NULL, 'B0057', 'A002', '2025-01-10 16:33:19', 'Jan', 2025, 250.00, 0.00, 'Rent Payment', 0.00, 'Successful', NULL, 0, NULL),
('RENT17364981', '250109140062', NULL, 'B0062', 'A002', '2025-01-10 16:35:59', 'Jan', 2025, 250.00, 0.00, 'Rent Payment', 0.00, 'Successful', NULL, 0, NULL),
('RENT17364983', '970208135041', NULL, 'B0063', 'A002', '2025-01-10 16:39:21', 'Jan', 2025, 250.00, 0.00, 'Rent Payment', 0.00, 'Successful', NULL, 0, NULL),
('RENT17364984', '250107140064', NULL, 'B0064', 'A002', '2025-01-10 16:41:01', 'Jan', 2025, 250.00, 0.00, 'Rent Payment', 0.00, 'Successful', NULL, 0, NULL),
('RENT17364989', '250107140074', NULL, 'B0074', 'A002', '2025-01-10 16:49:08', 'Jan', 2025, 250.00, 0.00, 'Rent Payment', 0.00, 'Successful', NULL, 0, NULL),
('RENT17364990', '250107140073', NULL, 'B0073', 'A002', '2025-01-10 16:50:52', 'Jan', 2025, 250.00, 0.00, 'Rent Payment', 0.00, 'Successful', NULL, 0, NULL),
('RENT17365002', '040613150076', NULL, 'B0117', 'A005', '2025-01-10 17:11:05', 'Jan', 2025, 280.00, 0.00, 'Rent Payment', 0.00, 'Successful', NULL, 0, NULL),
('RENT17365003', '040611020446', NULL, 'B0118', 'A005', '2025-01-10 17:13:03', 'Jan', 2025, 280.00, 0.00, 'Rent Payment', 0.00, 'Successful', NULL, 0, NULL),
('RENT17365005', '040111060134', NULL, 'B0119', 'A005', '2025-01-10 17:15:06', 'Jan', 2025, 280.00, 0.00, 'Rent Payment', 0.00, 'Successful', NULL, 0, NULL),
('RENT17365976', '030312101220', NULL, 'B0120', 'A002', '2025-01-11 20:13:41', 'Jan', 2025, 280.00, 0.00, 'Rent Payment', 0.00, 'Successful', NULL, 0, NULL),
('RENT17365978', '250107140132', NULL, 'B0132', 'A005', '2025-01-11 20:17:18', 'Jan', 2025, 250.00, 0.00, 'Rent Payment', 0.00, 'Successful', NULL, 0, NULL),
('RENT17365979', '250107140136', NULL, 'B0136', 'A002', '2025-01-11 20:19:00', 'Jan', 2025, 250.00, 0.00, 'Rent Payment', 0.00, 'Successful', NULL, 0, NULL),
('RENT17365980', '000129-03-1327', NULL, 'B0133', 'A002', '2025-01-11 20:20:39', 'Jan', 2025, 250.00, 0.00, 'Rent Payment', 0.00, 'Successful', NULL, 0, NULL),
('RENT17366022', '000128-03-0525', NULL, 'B0134', 'A002', '2025-01-11 21:30:26', 'Jan', 2025, 250.00, 0.00, 'Rent Payment', 0.00, 'Successful', NULL, 0, NULL),
('RENT17366023', '011108-02-0497', NULL, 'B0135', 'A002', '2025-01-11 21:32:16', 'Jan', 2025, 250.00, 0.00, 'Rent Payment', 0.00, 'Successful', NULL, 0, NULL),
('RENT17366024', '990721075295', NULL, 'B0137', 'A002', '2025-01-11 21:33:53', 'Jan', 2025, 250.00, 0.00, 'Rent Payment', 0.00, 'Successful', NULL, 0, NULL),
('RENT17366025', '010829090095', NULL, 'B0138', 'A002', '2025-01-11 21:35:28', 'Jan', 2025, 250.00, 0.00, 'Rent Payment', 0.00, 'Successful', NULL, 0, NULL),
('RENT17366027', '010725130857', NULL, 'B0139', 'A005', '2025-01-11 21:38:26', 'Jan', 2025, 250.00, 0.00, 'Rent Payment', 0.00, 'Successful', NULL, 0, NULL),
('RENT17366085', '250107140037', NULL, 'B0037', 'A003', '2025-01-11 23:16:26', 'Jan', 2025, 250.00, 0.00, 'Rent Payment', 0.00, 'Successful', NULL, 0, NULL),
('RENT17366086', '000822110250', NULL, 'B0038', 'A003', '2025-01-11 23:17:39', 'Jan', 2025, 250.00, 0.00, 'Rent Payment', 0.00, 'Successful', NULL, 0, NULL),
('RENT17366801', '010817-11-0132', NULL, 'B0039', 'A003', '2025-01-12 19:08:41', 'Jan', 2025, 250.00, 0.00, 'Rent Payment', 0.00, 'Successful', NULL, 0, NULL),
('RENT17366802', '010511-11-0586', NULL, 'B0040', 'A003', '2025-01-12 19:10:36', 'Jan', 2025, 250.00, 0.00, 'Rent Payment', 0.00, 'Successful', NULL, 0, NULL),
('RENT17366803', '010912-11-0034', NULL, 'B0041', 'A003', '2025-01-12 19:12:12', 'Jan', 2025, 250.00, 0.00, 'Rent Payment', 0.00, 'Successful', NULL, 0, NULL),
('RENT17366805', '250107140081', NULL, 'B0081', 'A003', '2025-01-12 19:16:25', 'Jan', 2025, 250.00, 0.00, 'Rent Payment', 0.00, 'Successful', NULL, 0, NULL),
('RENT17366806', '900527065489', NULL, 'B0082', 'A002', '2025-01-12 19:17:55', 'Jan', 2025, 250.00, 0.00, 'Rent Payment', 0.00, 'Successful', NULL, 0, NULL),
('RENT17366809', '250107140084', NULL, 'B0084', 'A002', '2025-01-12 19:21:44', 'Jan', 2025, 280.00, 0.00, 'Rent Payment', 0.00, 'Successful', NULL, 0, NULL),
('RENT17366810', '010321031465', NULL, 'B0085', 'A005', '2025-01-12 19:23:20', 'Jan', 2025, 280.00, 0.00, 'Rent Payment', 0.00, 'Successful', NULL, 0, NULL),
('RENT17366811', '981001126133', NULL, 'B0086', 'A005', '2025-01-12 19:25:18', 'Jan', 2025, 280.00, 0.00, 'Rent Payment', 0.00, 'Successful', NULL, 0, NULL),
('RENT17366812', '250107140088', NULL, 'B0088', 'A002', '2025-01-12 19:26:46', 'Jan', 2025, 280.00, 0.00, 'Rent Payment', 0.00, 'Successful', NULL, 0, NULL),
('RENT17415261', '250107140094', NULL, 'B0094', 'A002', '2025-03-09 13:15:32', 'Mar', 2025, 280.00, 0.00, 'Rent Payment', 1.10, 'Successful', 'Rent payment for Mar 2025 (Bill ID: qp5syphl)', 0, NULL),
('RENT1753254', '940718085219', NULL, 'B0002', 'A004', '2025-01-07 15:07:42', 'Jan', 2025, 250.00, 0.00, 'Rent Payment', 0.00, 'Successful', 'TRF to PLT 7/1', 0, NULL),
('RENT1769467', '040111060134', NULL, 'B0119', 'A005', '2025-02-09 21:18:04', 'Feb', 2025, 280.00, 0.00, 'Rent Payment', 0.00, 'Successful', 'Trf to PLT', 0, NULL),
('RENT1801719', '011108-02-0497', NULL, 'B0135', 'A002', '2025-02-09 23:04:51', 'Feb', 2025, 250.00, 0.00, 'Rent Payment', 0.00, 'Successful', 'Trf to PLT', 0, NULL),
('RENT1815568', '250107140044', NULL, 'B0044', 'A003', '2025-01-07 23:59:54', 'Jan', 2025, 350.00, 0.00, 'Rent Payment', 0.00, 'Successful', 'Stripe Payment', 0, NULL),
('RENT1979127', '981001126133', NULL, 'B0086', 'A005', '2025-02-09 22:53:46', 'Feb', 2025, 280.00, 0.00, 'Rent Payment', 0.00, 'Successful', 'Trf to PLT', 0, NULL),
('RENT2147988', '020713080433', NULL, 'B0043', 'A003', '2025-02-09 23:19:45', 'Feb', 2025, 350.00, 0.00, 'Rent Payment', 0.00, 'Successful', 'Trf to PLT', 0, NULL),
('RENT2228792', '960816115256', NULL, 'B0093', 'A002', '2025-02-09 21:20:35', 'Feb', 2025, 280.00, 0.00, 'Rent Payment', 0.00, 'Successful', 'Trf to PLT', 0, NULL),
('RENT2289769', '021011060168', NULL, 'B0100', 'A002', '2025-02-09 21:40:31', 'Feb', 2025, 280.00, 0.00, 'Rent Payment', 0.00, 'Successful', 'Trf to PLT', 0, NULL),
('RENT2296961', '981127026306', NULL, 'B0098', 'A002', '2025-02-09 21:39:14', 'Feb', 2025, 280.00, 0.00, 'Rent Payment', 0.00, 'Successful', 'Trf to PLT', 0, NULL),
('RENT2353916', '030312101220', NULL, 'B0120', 'A002', '2025-02-09 21:18:48', 'Feb', 2025, 280.00, 0.00, 'Rent Payment', 0.00, 'Successful', 'Trf to PLT', 0, NULL),
('RENT2358432', '250107100012', NULL, 'B0012', 'A002', '2025-01-09 11:51:39', 'Jan', 2025, 250.00, 0.00, 'Rent Payment', 0.00, 'Successful', 'Stripe Payment', 0, NULL),
('RENT2423855', '250107140094', NULL, 'B0094', 'A002', '2025-01-09 23:33:29', 'Jan', 2025, 280.00, 0.00, 'Rent Payment', 0.00, 'Successful', 'Stripe Payment', 0, NULL),
('RENT2431073', '020713080433', NULL, 'B0043', 'A003', '2025-03-11 18:17:35', 'Mar', 2025, 350.00, 0.00, 'Rent Payment', 0.00, 'Successful', 'Trf to PLT - Billplz (BBRHZUHD)', 0, NULL),
('RENT2556700', '250107140074', NULL, 'B0074', 'A002', '2025-03-09 21:23:02', 'Mar', 2025, 250.00, 0.00, 'Rent Payment', 0.00, 'Successful', 'Trf to Billplz - Resit tak keluar dekat sistem', 0, NULL),
('RENT2609250', '970123065793', NULL, 'B0034', 'A004', '2025-04-09 21:23:01', 'Apr', 2025, 250.00, 0.00, 'Rent Payment', 0.00, 'Successful', 'Trf to PLT', 0, NULL),
('RENT2841305', '040229010159', NULL, 'B0077', 'A007', '2025-04-09 21:02:01', 'Apr', 2025, 250.00, 0.00, 'Rent Payment', 0.00, 'Successful', 'Tenant masuk hujung bulan march', 0, NULL),
('RENT2848336', '990101085265', 'R0049', NULL, 'A005', '2025-05-02 05:46:14', 'Feb', 2025, 550.00, 0.00, 'Rent Payment', 0.00, 'Successful', 'Trf to PLT', 0, NULL),
('RENT2854848', '940718085219', NULL, 'B0002', 'A004', '2025-02-09 23:16:32', 'Feb', 2025, 250.00, 0.00, 'Rent Payment', 0.00, 'Successful', 'Trf to PLT', 0, NULL),
('RENT2859966', '250107140011', NULL, 'B0011', 'A002', '2025-03-09 10:35:26', 'Mar', 2025, 250.00, 0.00, 'Rent Payment', 0.00, 'Successful', 'Trf to PLT - Stripe', 0, NULL),
('RENT2912953', '250107140014', NULL, 'B0014', 'A004', '2025-01-07 23:58:03', 'Jan', 2025, 450.00, 0.00, 'Rent Payment', 0.00, 'Successful', 'Stripe Payment', 0, NULL),
('RENT2929207', '250107140014', NULL, 'B0014', 'A004', '2025-04-09 12:22:11', 'Apr', 2025, 450.00, 0.00, 'Rent Payment', 0.00, 'Successful', 'Pay via Stripe 6/4', 0, NULL),
('RENT3062102', '250107140081', NULL, 'B0081', 'A003', '2025-02-09 22:51:58', 'Feb', 2025, 250.00, 0.00, 'Rent Payment', 0.00, 'Successful', 'Trf to PLT', 0, NULL),
('RENT3141937', '250107140047', NULL, 'B0047', 'A003', '2025-01-08 00:00:43', 'Jan', 2025, 350.00, 0.00, 'Rent Payment', 0.00, 'Successful', 'Stripe Payment', 0, NULL),
('RENT3233774', '000720140416', NULL, 'B0104', 'A002', '2025-01-07 15:13:08', 'Jan', 2025, 280.00, 0.00, 'Rent Payment', 0.00, 'Successful', 'TRF to PLT 7/1', 0, NULL),
('RENT3263242', '010929030110', NULL, 'B0105', 'A005', '2025-01-07 15:13:58', 'Jan', 2025, 280.00, 0.00, 'Rent Payment', 0.00, 'Successful', 'TRF to PLT 7/1', 0, NULL),
('RENT3442943', '021011060168', NULL, 'B0100', 'A002', '2025-01-07 15:12:42', 'Jan', 2025, 280.00, 0.00, 'Rent Payment', 0.00, 'Successful', 'TRF to PLT 7/1', 0, NULL),
('RENT3545641', '900527065489', NULL, 'B0082', 'A002', '2025-02-09 22:52:25', 'Feb', 2025, 250.00, 0.00, 'Rent Payment', 0.00, 'Successful', 'Trf to PLT', 0, NULL),
('RENT3611352', '250107140096', NULL, 'B0096', 'A005', '2025-01-09 23:33:59', 'Jan', 2025, 280.00, 0.00, 'Rent Payment', 0.00, 'Successful', 'Stripe Payment', 0, NULL),
('RENT3614494', '970615115371', NULL, 'B0017', 'A004', '2025-04-09 21:04:06', 'Apr', 2025, 250.00, 0.00, 'Rent Payment', 0.00, 'Successful', 'Trf to PLT 5/4', 0, NULL),
('RENT3684300', '250107140015', NULL, 'B0015', 'A005', '2025-01-07 23:58:42', 'Jan', 2025, 500.00, 0.00, 'Rent Payment', 0.00, 'Successful', 'Stripe Payment', 0, NULL),
('RENT4026227', '020313060679', NULL, 'B0008', 'A008', '2025-01-07 15:08:01', 'Jan', 2025, 550.00, 0.00, 'Rent Payment', 0.00, 'Successful', 'TRF to PLT 7/1', 0, NULL),
('RENT4064128', '690102038749', NULL, 'B0054', 'A002', '2025-02-09 23:13:06', 'Feb', 2025, 250.00, 0.00, 'Rent Payment', 0.00, 'Successful', 'Trf to PLT', 0, NULL),
('RENT4069530', '000822110250', NULL, 'B0038', 'A003', '2025-02-10 01:41:15', 'Feb', 2025, 116.67, 0.00, 'Rent Payment', 0.00, 'Successful', 'Trf to PLT', 0, NULL),
('RENT4133712', '250107140073', NULL, 'B0073', 'A002', '2025-03-09 21:23:28', 'Mar', 2025, 250.00, 0.00, 'Rent Payment', 0.00, 'Successful', 'Trf to Billplz - Resit tak keluar dekat sistem', 0, NULL),
('RENT4417252', '250107140096', NULL, 'B0096', 'A005', '2025-02-09 21:38:31', 'Feb', 2025, 280.00, 0.00, 'Rent Payment', 0.00, 'Successful', 'Trf to PLT', 0, NULL),
('RENT4561407', '250107140011', NULL, 'B0011', 'A002', '2025-01-07 23:57:15', 'Jan', 2025, 250.00, 0.00, 'Rent Payment', 0.00, 'Successful', 'Stripe Payment', 0, NULL),
('RENT4804323', '011002011023', NULL, 'B0026', 'A004', '2025-01-10 00:44:33', 'Jan', 2025, 250.00, 0.00, 'Rent Payment', 0.00, 'Successful', 'Trf to PLT 7/1', 0, NULL),
('RENT4900757', '250107140011', NULL, 'B0011', 'A002', '2025-04-09 12:24:18', 'Apr', 2025, 250.00, 0.00, 'Rent Payment', 0.00, 'Successful', 'Pay via Stripe 28/3', 0, NULL),
('RENT4911739', '020313060679', NULL, 'B0008', 'A008', '2025-02-09 23:16:51', 'Feb', 2025, 550.00, 0.00, 'Rent Payment', 0.00, 'Successful', 'Trf to PLT', 0, NULL),
('RENT4990591', '250109140062', NULL, 'B0062', 'A002', '2025-02-09 23:13:32', 'Feb', 2025, 250.00, 0.00, 'Rent Payment', 0.00, 'Successful', 'Trf to PLT', 0, NULL),
('RENT4992585', '250107140004', NULL, 'B0004', 'A005', '2025-03-09 10:33:09', 'Mar', 2025, 250.00, 0.00, 'Rent Payment', 0.00, 'Successful', 'Trf to PLT - Stripe', 0, NULL),
('RENT5108040', '040611020446', NULL, 'B0118', 'A005', '2025-02-09 21:11:43', 'Feb', 2025, 280.00, 0.00, 'Rent Payment', 0.00, 'Successful', 'Trf to PLT', 0, NULL),
('RENT5124673', '250107140044', NULL, 'B0044', 'A003', '2025-02-09 19:37:20', 'Feb', 2025, 350.00, 0.00, 'Rent Payment', 0.00, 'Successful', 'Trf to PLT', 0, NULL),
('RENT5155734', '000720140416', NULL, 'B0104', 'A002', '2025-02-09 21:41:57', 'Feb', 2025, 280.00, 0.00, 'Rent Payment', 0.00, 'Successful', 'Trf to PLT', 0, NULL),
('RENT5207672', '060321141459', NULL, 'B0009', 'A008', '2025-01-07 04:45:04', 'Jan', 2025, 250.00, 0.00, 'Rent Payment', 0.00, 'Successful', 'Stripe Payment', 0, NULL),
('RENT5222873', '250107140007', NULL, 'B0007', 'A004', '2025-01-07 23:56:11', 'Jan', 2025, 500.00, 0.00, 'Rent Payment', 0.00, 'Successful', 'Stripe Payment', 0, NULL),
('RENT5403945', '250107140047', NULL, 'B0047', 'A003', '2025-04-09 12:23:01', 'Apr', 2025, 350.00, 0.00, 'Rent Payment', 0.00, 'Successful', 'Pay via Stripe 30/3', 0, NULL),
('RENT5448587', '250701140010', NULL, 'B0010', 'A002', '2025-04-09 12:25:59', 'Apr', 2025, 250.00, 0.00, 'Rent Payment', 0.00, 'Successful', 'Pay via Stripe 30/3', 0, NULL),
('RENT5458128', '010321031465', NULL, 'B0085', 'A005', '2025-02-09 22:53:17', 'Feb', 2025, 280.00, 0.00, 'Rent Payment', 0.00, 'Successful', 'Trf to PLT', 0, NULL),
('RENT5464197', '250107140011', NULL, 'B0011', 'A002', '2025-02-18 10:40:46', 'Feb', 2025, 250.00, 0.00, 'Rent Payment', 0.00, 'Successful', 'Trf to PLT 9/2', 0, NULL),
('RENT5659587', '020914011194', NULL, 'B0099', 'A002', '2025-01-07 15:11:21', 'Jan', 2025, 280.00, 0.00, 'Rent Payment', 0.00, 'Successful', 'TRF to PLT 7/1', 0, NULL),
('RENT5680779', '940519115657', NULL, 'B0129', 'A002', '2025-02-28 12:06:34', 'Mar', 2025, 550.00, 0.00, 'Rent Payment', 0.00, 'Successful', 'Trf to PLT for Deposit + Rent Mar', 0, NULL),
('RENT5715239', '250701140010', NULL, 'B0010', 'A002', '2025-03-09 10:34:07', 'Mar', 2025, 250.00, 0.00, 'Rent Payment', 0.00, 'Successful', 'Trf to PLT - Stripe', 0, NULL),
('RENT5740687', '250701140010', NULL, 'B0010', 'A002', '2025-02-09 20:41:19', 'Feb', 2025, 250.00, 0.00, 'Rent Payment', 0.00, 'Successful', 'Trf to PLT', 0, NULL),
('RENT5786435', '970615115371', NULL, 'B0017', 'A004', '2025-02-09 23:20:52', 'Feb', 2025, 250.00, 0.00, 'Rent Payment', 0.00, 'Successful', 'Trf to PLT', 0, NULL),
('RENT5833856', '970123065793', NULL, 'B0034', 'A004', '2025-04-09 21:22:36', 'Mar', 2025, 250.00, 0.00, 'Rent Payment', 0.00, 'Successful', 'Trf to PLT', 0, NULL),
('RENT5864628', '060321141459', NULL, 'B0009', 'A008', '2025-02-09 20:40:46', 'Feb', 2025, 250.00, 0.00, 'Rent Payment', 0.00, 'Successful', 'Trf To PLT', 0, NULL),
('RENT6005673', '250107140073', NULL, 'B0073', 'A002', '2025-02-09 23:15:03', 'Feb', 2025, 250.00, 0.00, 'Rent Payment', 0.00, 'Successful', 'Trf to PLT', 0, NULL),
('RENT6034051', '960718035869', NULL, 'B0087', 'A002', '2025-04-09 21:24:29', 'Apr', 2025, 240.00, 0.00, 'Rent Payment', 0.00, 'Successful', 'Trf to PLT - Rebate RM40', 0, NULL),
('RENT6070319', '960816115256', NULL, 'B0093', 'A002', '2025-03-11 18:04:00', 'Mar', 2025, 280.00, 0.00, 'Rent Payment', 0.00, 'Successful', 'Trf to PLT - Billplz (LWXXG3PY)', 0, NULL),
('RENT6440670', '250107140001', NULL, 'B0002', 'A002', '2025-03-08 02:10:02', 'Mar', 2025, 250.00, 0.00, 'Rent Payment', 0.00, 'Successful', 'Trf thru Stripe 3/3', 0, NULL),
('RENT6461211', '020914011194', NULL, 'B0099', 'A002', '2025-02-09 21:39:53', 'Feb', 2025, 280.00, 0.00, 'Rent Payment', 0.00, 'Successful', 'Trf to PLT', 0, NULL),
('RENT6636458', '981127026306', NULL, 'B0098', 'A002', '2025-01-07 15:10:57', 'Jan', 2025, 280.00, 0.00, 'Rent Payment', 0.00, 'Successful', 'TRF to PLT 7/1', 0, NULL),
('RENT7210715', '145924D', NULL, 'B0050', 'A003', '2025-02-18 10:39:03', 'Feb', 2025, 550.00, 0.00, 'Rent Payment', 0.00, 'Successful', 'Trf to PLT 18/2', 0, NULL),
('RENT7307231', '010829090095', NULL, 'B0138', 'A002', '2025-02-09 23:05:49', 'Feb', 2025, 250.00, 0.00, 'Rent Payment', 0.00, 'Successful', 'Trf to PLT', 0, NULL),
('RENT7451886', '001006080414', NULL, 'B0103', 'A002', '2025-01-07 15:16:04', 'Jan', 2025, 280.00, 0.00, 'Rent Payment', 0.00, 'Successful', 'TRF to PLT 7/1', 0, NULL),
('RENT7459521', '250107140014', NULL, 'B0014', 'A004', '2025-02-09 20:42:02', 'Feb', 2025, 450.00, 0.00, 'Rent Payment', 0.00, 'Successful', 'Trf to PLT', 0, NULL),
('RENT7477522', '040613150076', NULL, 'B0117', 'A005', '2025-02-09 21:11:20', 'Feb', 2025, 280.00, 0.00, 'Rent Payment', 0.00, 'Successful', 'Trf to PLT', 0, NULL),
('RENT7534085', '250107140044', NULL, 'B0044', 'A003', '2025-04-09 12:28:41', 'Apr', 2025, 350.00, 0.00, 'Rent Payment', 0.00, 'Successful', 'Pay via Stripe 24/3', 0, NULL),
('RENT7568327', '250107140037', NULL, 'B0037', 'A003', '2025-02-10 01:40:51', 'Feb', 2025, 83.00, 0.00, 'Rent Payment', 0.00, 'Successful', 'Trf to PLT', 0, NULL),
('RENT7718742', '250107140044', NULL, 'B0044', 'A003', '2025-03-09 10:40:38', 'Mar', 2025, 350.00, 0.00, 'Rent Payment', 0.00, 'Successful', 'Trf to PLT - Stripe', 0, NULL),
('RENT7835817', '000410010085', NULL, 'B0027', 'A004', '2025-01-12 20:08:24', 'Jan', 2025, 250.00, 0.00, 'Rent Payment', 0.00, 'Successful', 'Trf to PLT 7/1', 0, NULL),
('RENT7853756', '050422101262', NULL, 'B0095', 'A007', '2025-02-09 21:21:14', 'Feb', 2025, 280.00, 0.00, 'Rent Payment', 0.00, 'Successful', 'Trf to PLT', 0, NULL),
('RENT7896957', '960816115256', NULL, 'B0093', 'A002', '2025-01-07 15:09:40', 'Jan', 2025, 280.00, 0.00, 'Rent Payment', 0.00, 'Successful', 'TRF to PLT 7/1', 0, NULL),
('RENT8020252', '250107140047', NULL, 'B0047', 'A003', '2025-02-09 19:37:46', 'Feb', 2025, 350.00, 0.00, 'Rent Payment', 0.00, 'Successful', 'Trf to PLT', 0, NULL),
('RENT8112125', '250107140004', NULL, 'B0004', 'A005', '2025-01-07 23:40:58', 'Jan', 2025, 250.00, 0.00, 'Rent Payment', 0.00, 'Successful', 'Stripe Payment', 0, NULL),
('RENT8128360', '250107140007', NULL, 'B0007', 'A004', '2025-02-09 20:42:33', 'Feb', 2025, 500.00, 0.00, 'Rent Payment', 0.00, 'Successful', 'Trf to PLT', 0, NULL),
('RENT8134571', '250107140004', NULL, 'B0004', 'A005', '2025-04-09 12:27:20', 'Apr', 2025, 250.00, 0.00, 'Rent Payment', 0.00, 'Successful', 'Pay via Stripe 26/3', 0, NULL),
('RENT8240541', '050509120896', NULL, 'B0143', 'A005', '2025-02-09 21:43:09', 'Feb', 2025, 620.00, 0.00, 'Rent Payment', 0.00, 'Successful', 'Trf to PLT', 0, NULL),
('RENT8279210', '145924D', NULL, 'B0050', 'A003', '2025-01-09 23:08:43', 'Jan', 2025, 550.00, 0.00, 'Rent Payment', 0.00, 'Successful', 'Payment by cheque to PLT 17/12', 0, NULL),
('RENT8653973', '001006080414', NULL, 'B0103', 'A003', '2025-02-09 21:41:13', 'Feb', 2025, 280.00, 0.00, 'Rent Payment', 0.00, 'Successful', 'Trf to PLT', 0, NULL),
('RENT8654637', '970123065793', NULL, 'B0034', 'A004', '2025-04-09 21:22:00', 'Jan', 2025, 250.00, 0.00, 'Rent Payment', 0.00, 'Successful', 'Trf to PLT', 0, NULL),
('RENT8689345', '250107140088', NULL, 'B0088', 'A002', '2025-02-09 22:54:10', 'Feb', 2025, 280.00, 0.00, 'Rent Payment', 0.00, 'Successful', 'Trf to PLT', 0, NULL),
('RENT8761298', '970615115371', NULL, 'B0017', 'A004', '2025-01-12 20:05:00', 'Jan', 2025, 250.00, 0.00, 'Rent Payment', 0.00, 'Successful', 'Trf to PLT 1/1', 0, NULL),
('RENT8794237', '001017060881', NULL, 'B0083', 'A002', '2025-03-11 18:13:42', 'Mar', 2025, 280.00, 0.00, 'Rent Payment', 0.00, 'Successful', 'Trf to PLT - Billplz (GSVAI1LH)', 0, NULL),
('RENT8921129', '001107030627', NULL, 'B0130', 'A002', '2025-02-28 12:08:44', 'Mar', 2025, 550.00, 0.00, 'Rent Payment', 0.00, 'Successful', 'Trf to PLT Deposit + Rent Mar', 0, NULL),
('RENT8951126', '250107140015', NULL, 'B0015', 'A005', '2025-02-09 23:17:46', 'Feb', 2025, 500.00, 0.00, 'Rent Payment', 0.00, 'Successful', 'Trf to PLT', 0, NULL),
('RENT9059084', '250701140010', NULL, 'B0010', 'A002', '2025-01-07 23:56:51', 'Jan', 2025, 250.00, 0.00, 'Rent Payment', 0.00, 'Successful', 'Stripe Payment', 0, NULL),
('RENT9264843', '040225110347', NULL, 'B0029', 'A003', '2025-02-09 23:23:27', 'Feb', 2025, 250.00, 0.00, 'Rent Payment', 0.00, 'Successful', 'Trf to PLT', 0, NULL),
('RENT9330634', '020914011194', NULL, 'B0099', 'A002', '2025-03-11 18:05:26', 'Mar', 2025, 280.00, 0.00, 'Rent Payment', 0.00, 'Successful', 'Trf to PLT - Billplz (LWXXG3PY)', 0, NULL),
('RENT9362806', '050422101262', NULL, 'B0095', 'A007', '2025-01-07 15:15:42', 'Jan', 2025, 280.00, 0.00, 'Rent Payment', 0.00, 'Successful', 'TRF to PLT 7/1', 0, NULL),
('RENT9516424', '030824060098', NULL, 'B0053', 'A002', '2025-02-09 23:12:44', 'Feb', 2025, 250.00, 0.00, 'Rent Payment', 0.00, 'Successful', 'Trf to PLT', 0, NULL),
('RENT9598041', '250107140004', NULL, 'B0004', 'A005', '2025-02-09 19:36:16', 'Feb', 2025, 250.00, 0.00, 'Rent Payment', 0.00, 'Successful', 'Trf to PLT', 0, NULL),
('RENT9694445', '970123065793', NULL, 'B0034', 'A004', '2025-04-09 21:22:17', 'Feb', 2025, 250.00, 0.00, 'Rent Payment', 0.00, 'Successful', 'Trf to PLT', 0, NULL),
('RENT9755030', '250107140046', NULL, 'B0046', 'A003', '2025-03-11 18:18:09', 'Mar', 2025, 350.00, 0.00, 'Rent Payment', 0.00, 'Successful', 'Trf to PLT - Billplz (BBRHZUHD)', 0, NULL),
('RENT9766796', '250107140014', NULL, 'B0014', 'A004', '2025-03-10 13:59:28', 'Mar', 2025, 450.00, 0.00, 'Rent Payment', 0.00, 'Successful', 'Trf to Stripe - 9/3', 0, NULL),
('RENT9797444', '010725130857', NULL, 'B0139', 'A005', '2025-02-09 23:06:24', 'Feb', 2025, 250.00, 0.00, 'Rent Payment', 0.00, 'Successful', 'Trf to PLT', 0, NULL),
('RENT9925236', '250107140074', NULL, 'B0074', 'A002', '2025-02-09 23:15:30', 'Feb', 2025, 250.00, 0.00, 'Rent Payment', 0.00, 'Successful', 'Trf to PLT', 0, NULL),
('RENT9955222', '990101085265', 'R0049', NULL, 'A005', '2025-05-02 05:45:41', 'Jan', 2025, 550.00, 0.00, 'Rent Payment', 0.00, 'Successful', 'Trf to PLT', 0, NULL),
('RENT9959749', '250107140047', NULL, 'B0047', 'A003', '2025-03-09 10:39:36', 'Mar', 2025, 350.00, 0.00, 'Rent Payment', 0.00, 'Successful', 'Trf to PLT - Stripe', 0, NULL),
('rn3ylaus_010321031465', '010321031465', NULL, 'B0085', 'A002', '2025-03-12 16:03:57', 'Mar', 2025, 280.00, 0.00, 'Rent Payment', 1.10, 'Successful', 'Lumpsum rent payment for Mar 2025', 0, NULL),
('rn3ylaus_250107140081', '250107140081', NULL, 'B0081', 'A002', '2025-03-12 16:03:57', 'Mar', 2025, 250.00, 0.00, 'Rent Payment', 1.10, 'Successful', 'Lumpsum rent payment for Mar 2025', 0, NULL),
('rn3ylaus_250107140088', '250107140088', NULL, 'B0088', 'A002', '2025-03-12 16:03:57', 'Mar', 2025, 280.00, 0.00, 'Rent Payment', 1.10, 'Successful', 'Lumpsum rent payment for Mar 2025', 0, NULL),
('rn3ylaus_900527065489', '900527065489', NULL, 'B0082', 'A002', '2025-03-12 16:03:57', 'Mar', 2025, 250.00, 0.00, 'Rent Payment', 1.10, 'Successful', 'Lumpsum rent payment for Mar 2025', 0, NULL),
('rn3ylaus_981001126133', '981001126133', NULL, 'B0086', 'A002', '2025-03-12 16:03:57', 'Mar', 2025, 280.00, 0.00, 'Rent Payment', 1.10, 'Successful', 'Lumpsum rent payment for Mar 2025', 0, NULL),
('rn3ylaus_990101085265', '990101085265', 'R0049', NULL, 'A002', '2025-03-12 16:03:57', 'Mar', 2025, 550.00, 0.00, 'Rent Payment', 1.10, 'Successful', 'Lumpsum rent payment for Mar 2025', 0, NULL),
('serh6sep_010725130857', '010725130857', NULL, 'B0139', 'A002', '2025-03-12 16:11:41', 'Mar', 2025, 250.00, 0.00, 'Rent Payment', 1.10, 'Successful', 'Lumpsum rent payment for Mar 2025', 0, NULL),
('serh6sep_010829090095', '010829090095', NULL, 'B0138', 'A002', '2025-03-12 16:11:41', 'Mar', 2025, 250.00, 0.00, 'Rent Payment', 1.10, 'Successful', 'Lumpsum rent payment for Mar 2025', 0, NULL),
('serh6sep_011108-02-0497', '011108-02-0497', NULL, 'B0135', 'A002', '2025-03-12 16:11:41', 'Mar', 2025, 250.00, 0.00, 'Rent Payment', 1.10, 'Successful', 'Lumpsum rent payment for Mar 2025', 0, NULL),
('serh6sep_990721075295', '990721075295', NULL, 'B0137', 'A002', '2025-03-12 16:11:41', 'Mar', 2025, 250.00, 0.00, 'Rent Payment', 1.10, 'Successful', 'Lumpsum rent payment for Mar 2025', 0, NULL),
('shcnyubi_030822141038', '030822141038', NULL, 'B0053', 'A002', '2025-04-08 19:21:17', 'Apr', 2025, 250.00, 0.00, 'Rent Payment', 1.10, 'Successful', 'Lumpsum rent payment for Apr 2025', 0, NULL),
('shcnyubi_030913160074', '030913160074', NULL, 'B0054', 'A002', '2025-04-08 19:21:17', 'Apr', 2025, 250.00, 0.00, 'Rent Payment', 1.10, 'Successful', 'Lumpsum rent payment for Apr 2025', 0, NULL),
('shcnyubi_250109140062', '250109140062', NULL, 'B0062', 'A002', '2025-04-08 19:21:17', 'Apr', 2025, 250.00, 0.00, 'Rent Payment', 1.10, 'Successful', 'Lumpsum rent payment for Apr 2025', 0, NULL),
('sl5wmbml_970615115371', '970615115371', NULL, 'B0017', 'A002', '2025-03-12 17:02:57', 'Mar', 2025, 250.00, 0.00, 'Rent Payment', 1.10, 'Successful', 'Lumpsum rent payment for Mar 2025', 0, NULL),
('smyqvz2u', '040613150076', NULL, 'B0117', 'A005', '2025-01-10 17:11:05', 'Jan', 2025, 280.00, 0.00, 'Deposit Payment', 1.10, 'Successful', 'Deposit Payment', 0, NULL),
('u72nus8d', '250107140073', NULL, 'B0073', 'A002', '2025-01-10 16:50:52', 'Jan', 2025, 250.00, 0.00, 'Deposit Payment', 1.10, 'Successful', 'Deposit Payment', 0, NULL),
('unhqy42g_030312101220', '030312101220', NULL, 'B0120', 'A002', '2025-03-12 16:06:32', 'Mar', 2025, 280.00, 0.00, 'Rent Payment', 1.10, 'Successful', 'Lumpsum rent payment for Mar 2025', 0, NULL),
('unhqy42g_040111060134', '040111060134', NULL, 'B0119', 'A002', '2025-03-12 16:06:32', 'Mar', 2025, 280.00, 0.00, 'Rent Payment', 1.10, 'Successful', 'Lumpsum rent payment for Mar 2025', 0, NULL),
('unhqy42g_040611020446', '040611020446', NULL, 'B0118', 'A002', '2025-03-12 16:06:32', 'Mar', 2025, 280.00, 0.00, 'Rent Payment', 1.10, 'Successful', 'Lumpsum rent payment for Mar 2025', 0, NULL),
('unhqy42g_040613150076', '040613150076', NULL, 'B0117', 'A002', '2025-03-12 16:06:32', 'Mar', 2025, 280.00, 0.00, 'Rent Payment', 1.10, 'Successful', 'Lumpsum rent payment for Mar 2025', 0, NULL),
('uyjrml5c_250107140015', '250107140015', NULL, 'B0015', 'A002', '2025-03-12 16:14:38', 'Mar', 2025, 500.00, 0.00, 'Rent Payment', 1.10, 'Successful', 'Lumpsum rent payment for Mar 2025', 0, NULL),
('vgktwudz_145924D', '145924D', NULL, 'B0050', 'A002', '2025-04-09 13:13:28', 'Apr', 2025, 550.00, 0.00, 'Rent Payment', 1.10, 'Successful', 'Lumpsum rent payment for Apr 2025', 0, NULL),
('wnenzx0x_000822110250', '000822110250', NULL, 'B0038', 'A002', '2025-03-13 11:43:52', 'Mar', 2025, 250.00, 0.00, 'Rent Payment', 1.10, 'Successful', 'Lumpsum rent payment for Mar 2025', 0, NULL),
('wnenzx0x_030822141038', '030822141038', NULL, 'B0053', 'A002', '2025-03-13 11:43:52', 'Mar', 2025, 250.00, 0.00, 'Rent Payment', 1.10, 'Successful', 'Lumpsum rent payment for Mar 2025', 0, NULL),
('wnenzx0x_030913160074', '030913160074', NULL, 'B0054', 'A002', '2025-03-13 11:43:52', 'Mar', 2025, 250.00, 0.00, 'Rent Payment', 1.10, 'Successful', 'Lumpsum rent payment for Mar 2025', 0, NULL),
('wnenzx0x_040225110347', '040225110347', NULL, 'B0029', 'A002', '2025-03-13 11:43:52', 'Mar', 2025, 250.00, 0.00, 'Rent Payment', 1.10, 'Successful', 'Lumpsum rent payment for Mar 2025', 0, NULL),
('wnenzx0x_250109140062', '250109140062', NULL, 'B0062', 'A002', '2025-03-13 11:43:52', 'Mar', 2025, 250.00, 0.00, 'Rent Payment', 1.10, 'Successful', 'Lumpsum rent payment for Mar 2025', 0, NULL),
('wnenzx0x_780522145021', '780522145021', 'R0044', NULL, 'A002', '2025-03-13 11:43:52', 'Mar', 2025, 600.00, 0.00, 'Rent Payment', 1.10, 'Successful', 'Lumpsum rent payment for Mar 2025', 0, NULL),
('wpxa9gue', '010413080723', NULL, 'B0016', 'A005', '2025-01-09 23:00:58', 'Jan', 2025, 550.00, 0.00, 'Deposit Payment', 1.10, 'Successful', 'Deposit Payment', 0, NULL),
('wtym7qmg', '250107140136', NULL, 'B0136', 'A002', '2025-01-11 20:19:00', 'Jan', 2025, 250.00, 0.00, 'Deposit Payment', 1.10, 'Successful', 'Deposit Payment', 0, NULL),
('xaxcyakt', '250109140062', NULL, 'B0062', 'A002', '2025-01-10 16:35:59', 'Jan', 2025, 250.00, 0.00, 'Deposit Payment', 1.10, 'Successful', 'Deposit Payment', 0, NULL),
('xhwz2wj2', '021113100466', NULL, 'B0106', 'A008', '2025-01-09 23:40:07', 'Jan', 2025, 280.00, 0.00, 'Deposit Payment', 1.10, 'Successful', 'Deposit Payment', 0, NULL),
('xmzz0mdz', '011108-02-0497', NULL, 'B0135', 'A002', '2025-01-11 21:32:16', 'Jan', 2025, 250.00, 0.00, 'Deposit Payment', 1.10, 'Successful', 'Deposit Payment', 0, NULL),
('xptja5f0_001017060881', '001017060881', NULL, 'B0083', 'A002', '2025-04-09 11:23:16', 'Apr', 2025, 280.00, 0.00, 'Rent Payment', 1.10, 'Successful', 'Lumpsum rent payment for Apr 2025', 0, NULL),
('xptja5f0_010321031465', '010321031465', NULL, 'B0085', 'A002', '2025-04-09 11:23:16', 'Apr', 2025, 280.00, 0.00, 'Rent Payment', 1.10, 'Successful', 'Lumpsum rent payment for Apr 2025', 0, NULL),
('xptja5f0_040401080125', '040401080125', NULL, 'B0084', 'A002', '2025-04-09 11:23:16', 'Apr', 2025, 280.00, 0.00, 'Rent Payment', 1.10, 'Successful', 'Lumpsum rent payment for Apr 2025', 0, NULL),
('xptja5f0_250107140081', '250107140081', NULL, 'B0081', 'A002', '2025-04-09 11:23:16', 'Apr', 2025, 250.00, 0.00, 'Rent Payment', 1.10, 'Successful', 'Lumpsum rent payment for Apr 2025', 0, NULL),
('xptja5f0_250107140088', '250107140088', NULL, 'B0088', 'A002', '2025-04-09 11:23:16', 'Apr', 2025, 280.00, 0.00, 'Rent Payment', 1.10, 'Successful', 'Lumpsum rent payment for Apr 2025', 0, NULL),
('xptja5f0_900527065489', '900527065489', NULL, 'B0082', 'A002', '2025-04-09 11:23:16', 'Apr', 2025, 250.00, 0.00, 'Rent Payment', 1.10, 'Successful', 'Lumpsum rent payment for Apr 2025', 0, NULL),
('xptja5f0_981001126133', '981001126133', NULL, 'B0086', 'A002', '2025-04-09 11:23:16', 'Apr', 2025, 280.00, 0.00, 'Rent Payment', 1.10, 'Successful', 'Lumpsum rent payment for Apr 2025', 0, NULL),
('xptja5f0_990101085265', '990101085265', 'R0049', NULL, 'A002', '2025-04-09 11:23:16', 'Apr', 2025, 550.00, 0.00, 'Rent Payment', 1.10, 'Successful', 'Lumpsum rent payment for Apr 2025', 0, NULL),
('y0o7wu8g', '250107140037', NULL, 'B0037', 'A003', '2025-01-11 23:16:26', 'Jan', 2025, 250.00, 0.00, 'Deposit Payment', 1.10, 'Successful', 'Deposit Payment', 0, NULL),
('y8pyk3hl_040401080125', '040401080125', NULL, 'B0084', 'A002', '2025-03-13 21:26:36', 'Mar', 2025, 280.00, 0.00, 'Rent Payment', 1.10, 'Successful', 'Lumpsum rent payment for Mar 2025', 0, NULL),
('zaxh0mn2', '970208135041', NULL, 'B0063', 'A002', '2025-01-10 16:39:21', 'Jan', 2025, 250.00, 0.00, 'Deposit Payment', 1.10, 'Successful', 'Deposit Payment', 0, NULL),
('zvg2vlau', '010725130857', NULL, 'B0139', 'A005', '2025-01-11 21:38:26', 'Jan', 2025, 250.00, 0.00, 'Deposit Payment', 1.10, 'Successful', 'Deposit Payment', 0, NULL);

-- --------------------------------------------------------

--
-- Table structure for table `paymenthistory`
--

CREATE TABLE `paymenthistory` (
  `PaymentHistoryID` varchar(255) NOT NULL,
  `TenantID` varchar(255) DEFAULT NULL,
  `AgentID` varchar(6) NOT NULL,
  `Amount` decimal(10,2) NOT NULL,
  `PaymentDate` datetime NOT NULL,
  `PaymentType` varchar(50) NOT NULL,
  `Remarks` varchar(255) DEFAULT NULL
) ENGINE=InnoDB DEFAULT CHARSET=utf8mb4;

--
-- Dumping data for table `paymenthistory`
--

INSERT INTO `paymenthistory` (`PaymentHistoryID`, `TenantID`, `AgentID`, `Amount`, `PaymentDate`, `PaymentType`, `Remarks`) VALUES
('0bvu2zql', '250107140064', 'A002', 250.00, '2025-01-10 16:41:01', 'Deposit Payment', 'Deposit Payment'),
('0ckhlhvu', '990721075295', 'A002', 250.00, '2025-01-11 21:33:53', 'Deposit Payment', 'Deposit Payment'),
('14d93b853b6a9ad5', '980416106957', 'A002', 550.00, '2025-04-30 16:03:07', 'Deposit Payment', 'Initial Deposit Payment (Bill ID: 14d93b853b6a9ad5)'),
('14d93b853b6a9ad5_RENT', '980416106957', 'A002', 250.00, '2025-04-30 16:03:07', 'Rent Payment', 'First Month Rent Payment (Bill ID: 14d93b853b6a9ad5)'),
('164aa9fe74f3a1d0', '060329120572', 'A002', 550.00, '2025-04-30 15:50:10', 'Deposit Payment', 'Initial Deposit Payment (Bill ID: 164aa9fe74f3a1d0)'),
('164aa9fe74f3a1d0_RENT', '060329120572', 'A002', 250.00, '2025-04-30 15:50:10', 'Rent Payment', 'First Month Rent Payment (Bill ID: 164aa9fe74f3a1d0)'),
('1975fa35f1c33d5a', '980919015379', 'A003', 850.00, '2025-04-30 14:57:38', 'Deposit Payment', 'Initial Deposit Payment (Bill ID: 1975fa35f1c33d5a)'),
('1975fa35f1c33d5a_RENT', '980919015379', 'A003', 400.00, '2025-04-30 14:57:38', 'Rent Payment', 'First Month Rent Payment (Bill ID: 1975fa35f1c33d5a)'),
('1dw0drob_011207020265', '011207020265', 'A002', 250.00, '2025-04-09 11:34:51', 'Rent Payment', 'Lumpsum rent payment for Apr 2025'),
('1gd1mmhy_040225110347', '040225110347', 'A002', 250.00, '2025-04-09 12:50:13', 'Rent Payment', 'Lumpsum rent payment for Apr 2025'),
('1gd1mmhy_250107140015', '250107140015', 'A002', 500.00, '2025-04-09 12:50:13', 'Rent Payment', 'Lumpsum rent payment for Apr 2025'),
('22wqvtf0_001107030627', '001107030627', 'A002', 250.00, '2025-04-08 18:46:20', 'Rent Payment', 'Lumpsum rent payment for Apr 2025'),
('22wqvtf0_010725130857', '010725130857', 'A002', 250.00, '2025-04-08 18:46:20', 'Rent Payment', 'Lumpsum rent payment for Apr 2025'),
('22wqvtf0_010829090095', '010829090095', 'A002', 250.00, '2025-04-08 18:46:20', 'Rent Payment', 'Lumpsum rent payment for Apr 2025'),
('22wqvtf0_011108-02-0497', '011108-02-0497', 'A002', 250.00, '2025-04-08 18:46:20', 'Rent Payment', 'Lumpsum rent payment for Apr 2025'),
('22wqvtf0_940519115657', '940519115657', 'A002', 250.00, '2025-04-08 18:46:20', 'Rent Payment', 'Lumpsum rent payment for Apr 2025'),
('22wqvtf0_990721075295', '990721075295', 'A002', 250.00, '2025-04-08 18:46:20', 'Rent Payment', 'Lumpsum rent payment for Apr 2025'),
('2rihsote', '010829090095', 'A002', 250.00, '2025-01-11 21:35:28', 'Deposit Payment', 'Deposit Payment'),
('30b565ff131e8194', '970112065181', 'A002', 550.00, '2025-04-30 16:45:04', 'Deposit Payment', 'Initial Deposit Payment (Bill ID: 30b565ff131e8194)'),
('30b565ff131e8194_RENT', '970112065181', 'A002', 250.00, '2025-04-30 16:45:04', 'Rent Payment', 'First Month Rent Payment (Bill ID: 30b565ff131e8194)'),
('3bb245dfc9e7e5ec', '810415105248', 'A002', 550.00, '2025-04-30 15:57:26', 'Deposit Payment', 'Initial Deposit Payment (Bill ID: 3bb245dfc9e7e5ec)'),
('3bb245dfc9e7e5ec_RENT', '810415105248', 'A002', 250.00, '2025-04-30 15:57:26', 'Rent Payment', 'First Month Rent Payment (Bill ID: 3bb245dfc9e7e5ec)'),
('4azp5lt5_000720140416', '000720140416', 'A002', 280.00, '2025-03-12 15:57:58', 'Rent Payment', 'Lumpsum rent payment for Mar 2025'),
('4azp5lt5_001006080414', '001006080414', 'A002', 280.00, '2025-03-12 15:57:58', 'Rent Payment', 'Lumpsum rent payment for Mar 2025'),
('4azp5lt5_050422101262', '050422101262', 'A002', 280.00, '2025-03-12 15:57:58', 'Rent Payment', 'Lumpsum rent payment for Mar 2025'),
('4azp5lt5_981127026306', '981127026306', 'A002', 280.00, '2025-03-12 15:57:58', 'Rent Payment', 'Lumpsum rent payment for Mar 2025'),
('4kh50vog', '250107140074', 'A002', 250.00, '2025-01-10 16:49:08', 'Deposit Payment', 'Deposit Payment'),
('4ztlis52_020313060679', '020313060679', 'A002', 550.00, '2025-04-09 11:28:44', 'Rent Payment', 'Lumpsum rent payment for Apr 2025'),
('63r7mv18', '030312101220', 'A002', 280.00, '2025-01-11 20:13:41', 'Deposit Payment', 'Deposit Payment'),
('9udo29zf', '030807120123', 'A002', 250.00, '2025-01-10 16:33:19', 'Deposit Payment', 'Deposit Payment'),
('a16a4576e39a71ef', '010725-08-0730', 'A007', 610.00, '2025-04-22 16:23:05', 'Deposit Payment', 'Initial Deposit Payment (Bill ID: a16a4576e39a71ef)'),
('a16a4576e39a71ef_RENT', '010725-08-0730', 'A007', 280.00, '2025-04-22 16:23:05', 'Rent Payment', 'First Month Rent Payment (Bill ID: a16a4576e39a71ef)'),
('a83s40ta', '040225110347', 'A003', 250.00, '2025-01-10 00:41:56', 'Deposit Payment', 'Deposit Payment'),
('b2hghyd0', '000128-03-0525', 'A002', 250.00, '2025-01-11 21:30:26', 'Deposit Payment', 'Deposit Payment'),
('bd3ww0q9', '690102038749', 'A002', 250.00, '2025-01-10 16:29:23', 'Deposit Payment', 'Deposit Payment'),
('bdu0netc', '000129-03-1327', 'A002', 250.00, '2025-01-11 20:20:39', 'Deposit Payment', 'Deposit Payment'),
('bnbbbhcz', '960718035869', 'A002', 610.00, '2025-03-13 11:58:18', 'Deposit Payment', 'Initial Deposit Payment (Bill ID: bnbbbhcz)'),
('bnbbbhcz_RENT', '960718035869', 'A002', 280.00, '2025-03-13 11:58:18', 'Rent Payment', 'First Month Rent Payment (Bill ID: bnbbbhcz)'),
('c8e5ee434a4a9b55', '990502036173', 'A005', 550.00, '2025-04-30 17:28:18', 'Deposit Payment', 'Initial Deposit Payment (Bill ID: c8e5ee434a4a9b55)'),
('c8e5ee434a4a9b55_RENT', '990502036173', 'A005', 250.00, '2025-04-30 17:28:18', 'Rent Payment', 'First Month Rent Payment (Bill ID: c8e5ee434a4a9b55)'),
('cas0c0bo_250107140073', '250107140073', 'A002', 250.00, '2025-04-09 11:25:22', 'Rent Payment', 'Lumpsum rent payment for Apr 2025'),
('cas0c0bo_250107140074', '250107140074', 'A002', 250.00, '2025-04-09 11:25:22', 'Rent Payment', 'Lumpsum rent payment for Apr 2025'),
('cas0c0bo_780522145021', '780522145021', 'A002', 600.00, '2025-04-09 11:25:22', 'Rent Payment', 'Lumpsum rent payment for Apr 2025'),
('d202816216d0d9a0', '040709130643', 'A002', 550.00, '2025-04-30 16:53:41', 'Deposit Payment', 'Initial Deposit Payment (Bill ID: d202816216d0d9a0)'),
('d202816216d0d9a0_RENT', '040709130643', 'A002', 250.00, '2025-04-30 16:53:41', 'Rent Payment', 'First Month Rent Payment (Bill ID: d202816216d0d9a0)'),
('dddv7tn9_050509120896', '050509120896', 'A002', 620.00, '2025-04-08 18:53:20', 'Rent Payment', 'Lumpsum rent payment for Apr 2025'),
('dp0e60n0_250107140037', '250107140037', 'A002', 250.00, '2025-03-12 17:05:15', 'Rent Payment', 'Lumpsum rent payment for Mar 2025'),
('ea83ob8m', '010817-11-0132', 'A003', 250.00, '2025-01-12 19:08:41', 'Deposit Payment', 'Deposit Payment'),
('ewcu4xo5_940718085219', '940718085219', 'A002', 250.00, '2025-04-09 12:46:38', 'Rent Payment', 'Lumpsum rent payment for Apr 2025'),
('fmrid0ja', '000822110250', 'A003', 250.00, '2025-01-11 23:17:39', 'Deposit Payment', 'Deposit Payment'),
('fqzxqhfc_145924D', '145924D', 'A002', 550.00, '2025-03-13 11:41:37', 'Rent Payment', 'Lumpsum rent payment for Mar 2025'),
('fsmdegsr', '021129-12-0445', 'A007', 280.00, '2025-01-08 00:29:45', 'Deposit Payment', 'Deposit Payment'),
('giy5as01', '250107140084', 'A002', 280.00, '2025-01-12 19:21:44', 'Deposit Payment', 'Deposit Payment'),
('gmad1cn6_940718085219', '940718085219', 'A002', 250.00, '2025-03-13 11:45:04', 'Rent Payment', 'Lumpsum rent payment for Mar 2025'),
('gnfmzvho', '030824060098', 'A002', 250.00, '2025-01-10 16:27:02', 'Deposit Payment', 'Deposit Payment'),
('gx2j0060', '900527065489', 'A002', 250.00, '2025-01-12 19:17:55', 'Deposit Payment', 'Deposit Payment'),
('HIST17415261327322', '250107140094', 'A002', 280.00, '2025-03-09 13:15:32', 'Rent Payment', 'Rent payment for 1 months'),
('hq2r80z9', '981001126133', 'A005', 280.00, '2025-01-12 19:25:18', 'Deposit Payment', 'Deposit Payment'),
('i903grip', '250107140046', 'A003', 350.00, '2025-01-09 23:16:30', 'Deposit Payment', 'Deposit Payment'),
('izj3nms7', '011207020265', 'A002', 550.00, '2025-03-13 12:06:04', 'Deposit Payment', 'Initial Deposit Payment (Bill ID: izj3nms7)'),
('izj3nms7_RENT', '011207020265', 'A002', 250.00, '2025-03-13 12:06:04', 'Rent Payment', 'First Month Rent Payment (Bill ID: izj3nms7)'),
('jsbsmgv1_050509120896', '050509120896', 'A002', 620.00, '2025-03-12 16:09:00', 'Rent Payment', 'Lumpsum rent payment for Mar 2025'),
('jwgtzcl3', '020713080433', 'A003', 350.00, '2025-01-09 23:10:58', 'Deposit Payment', 'Deposit Payment'),
('jxo6occx', '250107140081', 'A003', 250.00, '2025-01-12 19:16:25', 'Deposit Payment', 'Deposit Payment'),
('kk3v60s3', '040611020446', 'A005', 280.00, '2025-01-10 17:13:03', 'Deposit Payment', 'Deposit Payment'),
('kknxavnz', '040617-03-0565', 'A002', 550.00, '2025-03-12 16:46:45', 'Deposit Payment', 'Initial Deposit Payment (Bill ID: kknxavnz)'),
('kknxavnz_RENT', '040617-03-0565', 'A002', 250.00, '2025-03-12 16:46:45', 'Rent Payment', 'First Month Rent Payment (Bill ID: kknxavnz)'),
('lh0e1yqj', '050509120896', 'A005', 620.00, '2025-01-10 00:19:13', 'Rent Payment', 'Rent payment for Jan 2025'),
('li6jfff0', '010511-11-0586', 'A003', 250.00, '2025-01-12 19:10:36', 'Deposit Payment', 'Deposit Payment'),
('lr0vrb0g_040617-03-0565', '040617-03-0565', 'A002', 250.00, '2025-04-09 11:49:02', 'Rent Payment', 'Lumpsum rent payment for Apr 2025'),
('md0hit07', '250107140088', 'A002', 280.00, '2025-01-12 19:26:46', 'Deposit Payment', 'Deposit Payment'),
('mykn7ms4_030312101220', '030312101220', 'A002', 280.00, '2025-04-08 19:23:25', 'Rent Payment', 'Lumpsum rent payment for Apr 2025'),
('mykn7ms4_040111060134', '040111060134', 'A002', 280.00, '2025-04-08 19:23:25', 'Rent Payment', 'Lumpsum rent payment for Apr 2025'),
('mykn7ms4_040611020446', '040611020446', 'A002', 280.00, '2025-04-08 19:23:25', 'Rent Payment', 'Lumpsum rent payment for Apr 2025'),
('mykn7ms4_040613150076', '040613150076', 'A002', 280.00, '2025-04-08 19:23:25', 'Rent Payment', 'Lumpsum rent payment for Apr 2025'),
('njdl3x2i', '250107140132', 'A005', 250.00, '2025-01-11 20:17:18', 'Deposit Payment', 'Deposit Payment'),
('nml6t7a0', '010321031465', 'A005', 280.00, '2025-01-12 19:23:20', 'Deposit Payment', 'Deposit Payment'),
('nnavxwlq', '020313060679', 'A008', 550.00, '2025-03-09 17:15:38', 'Rent Payment', 'Rent payment for Mar 2025'),
('phfptwwo', '040229010159', 'A007', 550.00, '2025-03-24 14:16:42', 'Deposit Payment', 'Initial Deposit Payment (Bill ID: phfptwwo)'),
('phfptwwo_RENT', '040229010159', 'A007', 250.00, '2025-03-24 14:16:42', 'Rent Payment', 'First Month Rent Payment (Bill ID: phfptwwo)'),
('pjabamgo_000720140416', '000720140416', 'A002', 280.00, '2025-04-08 20:48:33', 'Rent Payment', 'Lumpsum rent payment for Apr 2025'),
('pjabamgo_001006080414', '001006080414', 'A002', 280.00, '2025-04-08 20:48:33', 'Rent Payment', 'Lumpsum rent payment for Apr 2025'),
('pjabamgo_020914011194', '020914011194', 'A002', 280.00, '2025-04-08 20:48:33', 'Rent Payment', 'Lumpsum rent payment for Apr 2025'),
('pjabamgo_050422101262', '050422101262', 'A002', 280.00, '2025-04-08 20:48:33', 'Rent Payment', 'Lumpsum rent payment for Apr 2025'),
('pjabamgo_250107140094', '250107140094', 'A002', 280.00, '2025-04-08 20:48:33', 'Rent Payment', 'Lumpsum rent payment for Apr 2025'),
('pjabamgo_960816115256', '960816115256', 'A002', 280.00, '2025-04-08 20:48:33', 'Rent Payment', 'Lumpsum rent payment for Apr 2025'),
('pjabamgo_981127026306', '981127026306', 'A002', 280.00, '2025-04-08 20:48:33', 'Rent Payment', 'Lumpsum rent payment for Apr 2025'),
('pof6ma7l', '010912-11-0034', 'A003', 250.00, '2025-01-12 19:12:12', 'Deposit Payment', 'Deposit Payment'),
('pwh6t500_000822110250', '000822110250', 'A002', 250.00, '2025-04-09 12:47:43', 'Rent Payment', 'Lumpsum rent payment for Apr 2025'),
('pwh6t500_250107140037', '250107140037', 'A002', 250.00, '2025-04-09 12:47:43', 'Rent Payment', 'Lumpsum rent payment for Apr 2025'),
('qwuq613k_020713080433', '020713080433', 'A002', 350.00, '2025-04-08 20:54:55', 'Rent Payment', 'Lumpsum rent payment for Apr 2025'),
('qwuq613k_250107140046', '250107140046', 'A002', 350.00, '2025-04-08 20:54:55', 'Rent Payment', 'Lumpsum rent payment for Apr 2025'),
('rajxyvre', '040111060134', 'A005', 280.00, '2025-01-10 17:15:06', 'Deposit Payment', 'Deposit Payment'),
('RENT1044463', '250107140084', 'A002', 280.00, '2025-02-09 22:52:50', 'Rent Payment', 'Trf to PLT'),
('RENT1353530', '250107140046', 'A003', 350.00, '2025-02-09 23:20:06', 'Rent Payment', 'Trf to PLT'),
('RENT1499659', '250107140096', 'A005', 280.00, '2025-03-11 18:04:54', 'Rent Payment', 'Trf to PLT - Billplz (LWXXG3PY)'),
('RENT1711054', '990721075295', 'A002', 250.00, '2025-02-09 23:05:22', 'Rent Payment', 'Trf to PLT'),
('RENT1753254', '940718085219', 'A004', 250.00, '2025-01-07 15:07:42', 'Rent Payment', 'TRF to PLT 7/1'),
('RENT1769467', '040111060134', 'A005', 280.00, '2025-02-09 21:18:04', 'Rent Payment', 'Trf to PLT'),
('RENT1801719', '011108-02-0497', 'A002', 250.00, '2025-02-09 23:04:51', 'Rent Payment', 'Trf to PLT'),
('RENT1815568', '250107140044', 'A003', 350.00, '2025-01-07 23:59:54', 'Rent Payment', 'Stripe Payment'),
('RENT1979127', '981001126133', 'A005', 280.00, '2025-02-09 22:53:46', 'Rent Payment', 'Trf to PLT'),
('RENT2147988', '020713080433', 'A003', 350.00, '2025-02-09 23:19:45', 'Rent Payment', 'Trf to PLT'),
('RENT2228792', '960816115256', 'A002', 280.00, '2025-02-09 21:20:35', 'Rent Payment', 'Trf to PLT'),
('RENT2289769', '021011060168', 'A002', 280.00, '2025-02-09 21:40:31', 'Rent Payment', 'Trf to PLT'),
('RENT2296961', '981127026306', 'A002', 280.00, '2025-02-09 21:39:14', 'Rent Payment', 'Trf to PLT'),
('RENT2353916', '030312101220', 'A002', 280.00, '2025-02-09 21:18:48', 'Rent Payment', 'Trf to PLT'),
('RENT2358432', '250107100012', 'A002', 250.00, '2025-01-09 11:51:39', 'Rent Payment', 'Stripe Payment'),
('RENT2423855', '250107140094', 'A002', 280.00, '2025-01-09 23:33:29', 'Rent Payment', 'Stripe Payment'),
('RENT2431073', '020713080433', 'A003', 350.00, '2025-03-11 18:17:35', 'Rent Payment', 'Trf to PLT - Billplz (BBRHZUHD)'),
('RENT2556700', '250107140074', 'A002', 250.00, '2025-03-09 21:23:02', 'Rent Payment', 'Trf to Billplz - Resit tak keluar dekat sistem'),
('RENT2609250', '970123065793', 'A004', 250.00, '2025-04-09 21:23:01', 'Rent Payment', 'Trf to PLT'),
('RENT2841305', '040229010159', 'A007', 250.00, '2025-04-09 21:02:01', 'Rent Payment', 'Tenant masuk hujung bulan march'),
('RENT2848336', '990101085265', 'A005', 550.00, '2025-05-02 05:46:14', 'Rent Payment', 'Trf to PLT'),
('RENT2854848', '940718085219', 'A004', 250.00, '2025-02-09 23:16:32', 'Rent Payment', 'Trf to PLT'),
('RENT2859966', '250107140011', 'A002', 250.00, '2025-03-09 10:35:26', 'Rent Payment', 'Trf to PLT - Stripe'),
('RENT2912953', '250107140014', 'A004', 450.00, '2025-01-07 23:58:03', 'Rent Payment', 'Stripe Payment'),
('RENT2929207', '250107140014', 'A004', 450.00, '2025-04-09 12:22:11', 'Rent Payment', 'Pay via Stripe 6/4'),
('RENT3062102', '250107140081', 'A003', 250.00, '2025-02-09 22:51:58', 'Rent Payment', 'Trf to PLT'),
('RENT3141937', '250107140047', 'A003', 350.00, '2025-01-08 00:00:43', 'Rent Payment', 'Stripe Payment'),
('RENT3233774', '000720140416', 'A002', 280.00, '2025-01-07 15:13:08', 'Rent Payment', 'TRF to PLT 7/1'),
('RENT3263242', '010929030110', 'A005', 280.00, '2025-01-07 15:13:58', 'Rent Payment', 'TRF to PLT 7/1'),
('RENT3442943', '021011060168', 'A002', 280.00, '2025-01-07 15:12:42', 'Rent Payment', 'TRF to PLT 7/1'),
('RENT3545641', '900527065489', 'A002', 250.00, '2025-02-09 22:52:25', 'Rent Payment', 'Trf to PLT'),
('RENT3611352', '250107140096', 'A005', 280.00, '2025-01-09 23:33:59', 'Rent Payment', 'Stripe Payment'),
('RENT3614494', '970615115371', 'A004', 250.00, '2025-04-09 21:04:06', 'Rent Payment', 'Trf to PLT 5/4'),
('RENT3684300', '250107140015', 'A005', 500.00, '2025-01-07 23:58:42', 'Rent Payment', 'Stripe Payment'),
('RENT4026227', '020313060679', 'A008', 550.00, '2025-01-07 15:08:01', 'Rent Payment', 'TRF to PLT 7/1'),
('RENT4064128', '690102038749', 'A002', 250.00, '2025-02-09 23:13:06', 'Rent Payment', 'Trf to PLT'),
('RENT4069530', '000822110250', 'A003', 116.67, '2025-02-10 01:41:15', 'Rent Payment', 'Trf to PLT'),
('RENT4133712', '250107140073', 'A002', 250.00, '2025-03-09 21:23:28', 'Rent Payment', 'Trf to Billplz - Resit tak keluar dekat sistem'),
('RENT4417252', '250107140096', 'A005', 280.00, '2025-02-09 21:38:31', 'Rent Payment', 'Trf to PLT'),
('RENT4561407', '250107140011', 'A002', 250.00, '2025-01-07 23:57:15', 'Rent Payment', 'Stripe Payment'),
('RENT4804323', '011002011023', 'A004', 250.00, '2025-01-10 00:44:33', 'Rent Payment', 'Trf to PLT 7/1'),
('RENT4900757', '250107140011', 'A002', 250.00, '2025-04-09 12:24:18', 'Rent Payment', 'Pay via Stripe 28/3'),
('RENT4911739', '020313060679', 'A008', 550.00, '2025-02-09 23:16:51', 'Rent Payment', 'Trf to PLT'),
('RENT4990591', '250109140062', 'A002', 250.00, '2025-02-09 23:13:32', 'Rent Payment', 'Trf to PLT'),
('RENT4992585', '250107140004', 'A005', 250.00, '2025-03-09 10:33:09', 'Rent Payment', 'Trf to PLT - Stripe'),
('RENT5108040', '040611020446', 'A005', 280.00, '2025-02-09 21:11:43', 'Rent Payment', 'Trf to PLT'),
('RENT5124673', '250107140044', 'A003', 350.00, '2025-02-09 19:37:20', 'Rent Payment', 'Trf to PLT'),
('RENT5155734', '000720140416', 'A002', 280.00, '2025-02-09 21:41:57', 'Rent Payment', 'Trf to PLT'),
('RENT5207672', '060321141459', 'A008', 250.00, '2025-01-07 04:45:04', 'Rent Payment', 'Stripe Payment'),
('RENT5222873', '250107140007', 'A004', 500.00, '2025-01-07 23:56:11', 'Rent Payment', 'Stripe Payment'),
('RENT5403945', '250107140047', 'A003', 350.00, '2025-04-09 12:23:01', 'Rent Payment', 'Pay via Stripe 30/3'),
('RENT5448587', '250701140010', 'A002', 250.00, '2025-04-09 12:25:59', 'Rent Payment', 'Pay via Stripe 30/3'),
('RENT5458128', '010321031465', 'A005', 280.00, '2025-02-09 22:53:17', 'Rent Payment', 'Trf to PLT'),
('RENT5464197', '250107140011', 'A002', 250.00, '2025-02-18 10:40:46', 'Rent Payment', 'Trf to PLT 9/2'),
('RENT5659587', '020914011194', 'A002', 280.00, '2025-01-07 15:11:21', 'Rent Payment', 'TRF to PLT 7/1'),
('RENT5680779', '940519115657', 'A002', 550.00, '2025-02-28 12:06:34', 'Rent Payment', 'Trf to PLT for Deposit + Rent Mar'),
('RENT5715239', '250701140010', 'A002', 250.00, '2025-03-09 10:34:07', 'Rent Payment', 'Trf to PLT - Stripe'),
('RENT5740687', '250701140010', 'A002', 250.00, '2025-02-09 20:41:19', 'Rent Payment', 'Trf to PLT'),
('RENT5786435', '970615115371', 'A004', 250.00, '2025-02-09 23:20:52', 'Rent Payment', 'Trf to PLT'),
('RENT5833856', '970123065793', 'A004', 250.00, '2025-04-09 21:22:36', 'Rent Payment', 'Trf to PLT'),
('RENT5864628', '060321141459', 'A008', 250.00, '2025-02-09 20:40:46', 'Rent Payment', 'Trf To PLT'),
('RENT6005673', '250107140073', 'A002', 250.00, '2025-02-09 23:15:03', 'Rent Payment', 'Trf to PLT'),
('RENT6034051', '960718035869', 'A002', 240.00, '2025-04-09 21:24:29', 'Rent Payment', 'Trf to PLT - Rebate RM40'),
('RENT6070319', '960816115256', 'A002', 280.00, '2025-03-11 18:04:00', 'Rent Payment', 'Trf to PLT - Billplz (LWXXG3PY)'),
('RENT6440670', '250107140001', 'A002', 250.00, '2025-03-08 02:10:02', 'Rent Payment', 'Trf thru Stripe 3/3'),
('RENT6461211', '020914011194', 'A002', 280.00, '2025-02-09 21:39:53', 'Rent Payment', 'Trf to PLT'),
('RENT6636458', '981127026306', 'A002', 280.00, '2025-01-07 15:10:57', 'Rent Payment', 'TRF to PLT 7/1'),
('RENT7210715', '145924D', 'A003', 550.00, '2025-02-18 10:39:03', 'Rent Payment', 'Trf to PLT 18/2'),
('RENT7307231', '010829090095', 'A002', 250.00, '2025-02-09 23:05:49', 'Rent Payment', 'Trf to PLT'),
('RENT7451886', '001006080414', 'A002', 280.00, '2025-01-07 15:16:04', 'Rent Payment', 'TRF to PLT 7/1'),
('RENT7459521', '250107140014', 'A004', 450.00, '2025-02-09 20:42:02', 'Rent Payment', 'Trf to PLT'),
('RENT7477522', '040613150076', 'A005', 280.00, '2025-02-09 21:11:20', 'Rent Payment', 'Trf to PLT'),
('RENT7534085', '250107140044', 'A003', 350.00, '2025-04-09 12:28:41', 'Rent Payment', 'Pay via Stripe 24/3'),
('RENT7568327', '250107140037', 'A003', 83.00, '2025-02-10 01:40:51', 'Rent Payment', 'Trf to PLT'),
('RENT7718742', '250107140044', 'A003', 350.00, '2025-03-09 10:40:38', 'Rent Payment', 'Trf to PLT - Stripe'),
('RENT7835817', '000410010085', 'A004', 250.00, '2025-01-12 20:08:24', 'Rent Payment', 'Trf to PLT 7/1'),
('RENT7853756', '050422101262', 'A007', 280.00, '2025-02-09 21:21:14', 'Rent Payment', 'Trf to PLT'),
('RENT7896957', '960816115256', 'A002', 280.00, '2025-01-07 15:09:40', 'Rent Payment', 'TRF to PLT 7/1'),
('RENT8020252', '250107140047', 'A003', 350.00, '2025-02-09 19:37:46', 'Rent Payment', 'Trf to PLT'),
('RENT8112125', '250107140004', 'A005', 250.00, '2025-01-07 23:40:58', 'Rent Payment', 'Stripe Payment'),
('RENT8128360', '250107140007', 'A004', 500.00, '2025-02-09 20:42:33', 'Rent Payment', 'Trf to PLT'),
('RENT8134571', '250107140004', 'A005', 250.00, '2025-04-09 12:27:20', 'Rent Payment', 'Pay via Stripe 26/3'),
('RENT8240541', '050509120896', 'A005', 620.00, '2025-02-09 21:43:09', 'Rent Payment', 'Trf to PLT'),
('RENT8279210', '145924D', 'A003', 550.00, '2025-01-09 23:08:43', 'Rent Payment', 'Payment by cheque to PLT 17/12'),
('RENT8653973', '001006080414', 'A003', 280.00, '2025-02-09 21:41:13', 'Rent Payment', 'Trf to PLT'),
('RENT8654637', '970123065793', 'A004', 250.00, '2025-04-09 21:22:00', 'Rent Payment', 'Trf to PLT'),
('RENT8689345', '250107140088', 'A002', 280.00, '2025-02-09 22:54:10', 'Rent Payment', 'Trf to PLT'),
('RENT8761298', '970615115371', 'A004', 250.00, '2025-01-12 20:05:00', 'Rent Payment', 'Trf to PLT 1/1'),
('RENT8794237', '001017060881', 'A002', 280.00, '2025-03-11 18:13:42', 'Rent Payment', 'Trf to PLT - Billplz (GSVAI1LH)'),
('RENT8921129', '001107030627', 'A002', 550.00, '2025-02-28 12:08:44', 'Rent Payment', 'Trf to PLT Deposit + Rent Mar'),
('RENT8951126', '250107140015', 'A005', 500.00, '2025-02-09 23:17:46', 'Rent Payment', 'Trf to PLT'),
('RENT9059084', '250701140010', 'A002', 250.00, '2025-01-07 23:56:51', 'Rent Payment', 'Stripe Payment'),
('RENT9264843', '040225110347', 'A003', 250.00, '2025-02-09 23:23:27', 'Rent Payment', 'Trf to PLT'),
('RENT9330634', '020914011194', 'A002', 280.00, '2025-03-11 18:05:26', 'Rent Payment', 'Trf to PLT - Billplz (LWXXG3PY)'),
('RENT9362806', '050422101262', 'A007', 280.00, '2025-01-07 15:15:42', 'Rent Payment', 'TRF to PLT 7/1'),
('RENT9516424', '030824060098', 'A002', 250.00, '2025-02-09 23:12:44', 'Rent Payment', 'Trf to PLT'),
('RENT9598041', '250107140004', 'A005', 250.00, '2025-02-09 19:36:16', 'Rent Payment', 'Trf to PLT'),
('RENT9694445', '970123065793', 'A004', 250.00, '2025-04-09 21:22:17', 'Rent Payment', 'Trf to PLT'),
('RENT9755030', '250107140046', 'A003', 350.00, '2025-03-11 18:18:09', 'Rent Payment', 'Trf to PLT - Billplz (BBRHZUHD)'),
('RENT9766796', '250107140014', 'A004', 450.00, '2025-03-10 13:59:28', 'Rent Payment', 'Trf to Stripe - 9/3'),
('RENT9797444', '010725130857', 'A005', 250.00, '2025-02-09 23:06:24', 'Rent Payment', 'Trf to PLT'),
('RENT9925236', '250107140074', 'A002', 250.00, '2025-02-09 23:15:30', 'Rent Payment', 'Trf to PLT'),
('RENT9955222', '990101085265', 'A005', 550.00, '2025-05-02 05:45:41', 'Rent Payment', 'Trf to PLT'),
('RENT9959749', '250107140047', 'A003', 350.00, '2025-03-09 10:39:36', 'Rent Payment', 'Trf to PLT - Stripe'),
('rn3ylaus_010321031465', '010321031465', 'A002', 280.00, '2025-03-12 16:03:57', 'Rent Payment', 'Lumpsum rent payment for Mar 2025'),
('rn3ylaus_250107140081', '250107140081', 'A002', 250.00, '2025-03-12 16:03:57', 'Rent Payment', 'Lumpsum rent payment for Mar 2025'),
('rn3ylaus_250107140088', '250107140088', 'A002', 280.00, '2025-03-12 16:03:57', 'Rent Payment', 'Lumpsum rent payment for Mar 2025'),
('rn3ylaus_900527065489', '900527065489', 'A002', 250.00, '2025-03-12 16:03:57', 'Rent Payment', 'Lumpsum rent payment for Mar 2025'),
('rn3ylaus_981001126133', '981001126133', 'A002', 280.00, '2025-03-12 16:03:57', 'Rent Payment', 'Lumpsum rent payment for Mar 2025'),
('rn3ylaus_990101085265', '990101085265', 'A002', 550.00, '2025-03-12 16:03:57', 'Rent Payment', 'Lumpsum rent payment for Mar 2025'),
('serh6sep_010725130857', '010725130857', 'A002', 250.00, '2025-03-12 16:11:41', 'Rent Payment', 'Lumpsum rent payment for Mar 2025'),
('serh6sep_010829090095', '010829090095', 'A002', 250.00, '2025-03-12 16:11:41', 'Rent Payment', 'Lumpsum rent payment for Mar 2025'),
('serh6sep_011108-02-0497', '011108-02-0497', 'A002', 250.00, '2025-03-12 16:11:41', 'Rent Payment', 'Lumpsum rent payment for Mar 2025'),
('serh6sep_990721075295', '990721075295', 'A002', 250.00, '2025-03-12 16:11:41', 'Rent Payment', 'Lumpsum rent payment for Mar 2025'),
('shcnyubi_030822141038', '030822141038', 'A002', 250.00, '2025-04-08 19:21:17', 'Rent Payment', 'Lumpsum rent payment for Apr 2025'),
('shcnyubi_030913160074', '030913160074', 'A002', 250.00, '2025-04-08 19:21:17', 'Rent Payment', 'Lumpsum rent payment for Apr 2025'),
('shcnyubi_250109140062', '250109140062', 'A002', 250.00, '2025-04-08 19:21:17', 'Rent Payment', 'Lumpsum rent payment for Apr 2025'),
('sl5wmbml_970615115371', '970615115371', 'A002', 250.00, '2025-03-12 17:02:57', 'Rent Payment', 'Lumpsum rent payment for Mar 2025'),
('smyqvz2u', '040613150076', 'A005', 280.00, '2025-01-10 17:11:05', 'Deposit Payment', 'Deposit Payment'),
('u72nus8d', '250107140073', 'A002', 250.00, '2025-01-10 16:50:52', 'Deposit Payment', 'Deposit Payment'),
('unhqy42g_030312101220', '030312101220', 'A002', 280.00, '2025-03-12 16:06:32', 'Rent Payment', 'Lumpsum rent payment for Mar 2025'),
('unhqy42g_040111060134', '040111060134', 'A002', 280.00, '2025-03-12 16:06:32', 'Rent Payment', 'Lumpsum rent payment for Mar 2025'),
('unhqy42g_040611020446', '040611020446', 'A002', 280.00, '2025-03-12 16:06:32', 'Rent Payment', 'Lumpsum rent payment for Mar 2025'),
('unhqy42g_040613150076', '040613150076', 'A002', 280.00, '2025-03-12 16:06:32', 'Rent Payment', 'Lumpsum rent payment for Mar 2025'),
('uyjrml5c_250107140015', '250107140015', 'A002', 500.00, '2025-03-12 16:14:38', 'Rent Payment', 'Lumpsum rent payment for Mar 2025'),
('vgktwudz_145924D', '145924D', 'A002', 550.00, '2025-04-09 13:13:28', 'Rent Payment', 'Lumpsum rent payment for Apr 2025'),
('wnenzx0x_000822110250', '000822110250', 'A002', 250.00, '2025-03-13 11:43:52', 'Rent Payment', 'Lumpsum rent payment for Mar 2025'),
('wnenzx0x_030822141038', '030822141038', 'A002', 250.00, '2025-03-13 11:43:52', 'Rent Payment', 'Lumpsum rent payment for Mar 2025'),
('wnenzx0x_030913160074', '030913160074', 'A002', 250.00, '2025-03-13 11:43:52', 'Rent Payment', 'Lumpsum rent payment for Mar 2025'),
('wnenzx0x_040225110347', '040225110347', 'A002', 250.00, '2025-03-13 11:43:52', 'Rent Payment', 'Lumpsum rent payment for Mar 2025'),
('wnenzx0x_250109140062', '250109140062', 'A002', 250.00, '2025-03-13 11:43:52', 'Rent Payment', 'Lumpsum rent payment for Mar 2025'),
('wnenzx0x_780522145021', '780522145021', 'A002', 600.00, '2025-03-13 11:43:52', 'Rent Payment', 'Lumpsum rent payment for Mar 2025'),
('wpxa9gue', '010413080723', 'A005', 550.00, '2025-01-09 23:00:58', 'Deposit Payment', 'Deposit Payment'),
('wtym7qmg', '250107140136', 'A002', 250.00, '2025-01-11 20:19:00', 'Deposit Payment', 'Deposit Payment'),
('xaxcyakt', '250109140062', 'A002', 250.00, '2025-01-10 16:35:59', 'Deposit Payment', 'Deposit Payment'),
('xhwz2wj2', '021113100466', 'A008', 280.00, '2025-01-09 23:40:07', 'Deposit Payment', 'Deposit Payment'),
('xmzz0mdz', '011108-02-0497', 'A002', 250.00, '2025-01-11 21:32:16', 'Deposit Payment', 'Deposit Payment'),
('xptja5f0_001017060881', '001017060881', 'A002', 280.00, '2025-04-09 11:23:16', 'Rent Payment', 'Lumpsum rent payment for Apr 2025'),
('xptja5f0_010321031465', '010321031465', 'A002', 280.00, '2025-04-09 11:23:16', 'Rent Payment', 'Lumpsum rent payment for Apr 2025'),
('xptja5f0_040401080125', '040401080125', 'A002', 280.00, '2025-04-09 11:23:16', 'Rent Payment', 'Lumpsum rent payment for Apr 2025'),
('xptja5f0_250107140081', '250107140081', 'A002', 250.00, '2025-04-09 11:23:16', 'Rent Payment', 'Lumpsum rent payment for Apr 2025'),
('xptja5f0_250107140088', '250107140088', 'A002', 280.00, '2025-04-09 11:23:16', 'Rent Payment', 'Lumpsum rent payment for Apr 2025'),
('xptja5f0_900527065489', '900527065489', 'A002', 250.00, '2025-04-09 11:23:16', 'Rent Payment', 'Lumpsum rent payment for Apr 2025'),
('xptja5f0_981001126133', '981001126133', 'A002', 280.00, '2025-04-09 11:23:16', 'Rent Payment', 'Lumpsum rent payment for Apr 2025'),
('xptja5f0_990101085265', '990101085265', 'A002', 550.00, '2025-04-09 11:23:16', 'Rent Payment', 'Lumpsum rent payment for Apr 2025'),
('y0o7wu8g', '250107140037', 'A003', 250.00, '2025-01-11 23:16:26', 'Deposit Payment', 'Deposit Payment'),
('y8pyk3hl_040401080125', '040401080125', 'A002', 280.00, '2025-03-13 21:26:36', 'Rent Payment', 'Lumpsum rent payment for Mar 2025'),
('zaxh0mn2', '970208135041', 'A002', 250.00, '2025-01-10 16:39:21', 'Deposit Payment', 'Deposit Payment'),
('zvg2vlau', '010725130857', 'A005', 250.00, '2025-01-11 21:38:26', 'Deposit Payment', 'Deposit Payment');

-- --------------------------------------------------------

--
-- Table structure for table `property`
--

CREATE TABLE `property` (
  `PropertyID` varchar(6) NOT NULL,
  `PropertyName` varchar(255) NOT NULL,
  `PropertyType` varchar(255) NOT NULL,
  `Location` varchar(255) NOT NULL,
  `Maps` varchar(255) DEFAULT NULL,
  `PropertyStatus` varchar(50) DEFAULT 'Active',
  `CreatedAt` datetime DEFAULT CURRENT_TIMESTAMP,
  `UpdatedAt` datetime DEFAULT CURRENT_TIMESTAMP ON UPDATE CURRENT_TIMESTAMP,
  `AgentID` varchar(6) DEFAULT NULL
) ENGINE=InnoDB DEFAULT CHARSET=utf8mb4;

--
-- Dumping data for table `property`
--

INSERT INTO `property` (`PropertyID`, `PropertyName`, `PropertyType`, `Location`, `Maps`, `PropertyStatus`, `CreatedAt`, `UpdatedAt`, `AgentID`) VALUES
('1', 'PV9', 'Condominium', 'Setapak, KL', 'https://www.google.com/maps?q=3.2181805,101.7241724', 'Active', '2024-10-30 16:29:26', '2024-10-30 16:29:26', NULL),
('2', 'MakChili', 'Terrace', 'Kemaman, Terengganu', 'https://www.google.com/maps?q=4.2412824,103.3973365', 'Active', '2024-10-30 16:29:26', '2024-10-30 16:29:26', NULL),
('5', 'Cyber', 'Terrace', 'Cyberjaya, Selangor', 'https://www.google.com/maps?q=2.9223242,101.638862', 'Active', '2024-10-30 16:29:26', '2024-10-30 16:29:26', NULL),
('6', 'PV3', 'Condominium', 'Setapak, KL', 'https://www.google.com/maps?q=3.2230402,101.7292976', 'Active', '2024-10-30 16:29:26', '2024-10-30 16:29:26', NULL),
('7', 'PV2', 'Condominium', 'Setapak, KL', 'https://www.google.com/maps?q=3.2244948,101.7288293', 'Active', '2024-10-30 16:29:26', '2024-10-30 16:29:26', NULL),
('8', 'PV5', 'Condominium', 'Setapak, KL', 'https://www.google.com/maps?q=3.2230758,101.7292379', 'Active', '2024-10-30 16:29:26', '2024-10-30 16:29:26', NULL);

-- --------------------------------------------------------

--
-- Table structure for table `room`
--

CREATE TABLE `room` (
  `RoomID` varchar(6) NOT NULL,
  `UnitID` varchar(6) NOT NULL,
  `RoomNo` varchar(255) NOT NULL,
  `RoomRentAmount` decimal(10,2) NOT NULL,
  `Katil` int(11) DEFAULT NULL,
  `RoomStatus` varchar(50) NOT NULL,
  `CreatedAt` datetime DEFAULT CURRENT_TIMESTAMP,
  `UpdatedAt` datetime DEFAULT CURRENT_TIMESTAMP ON UPDATE CURRENT_TIMESTAMP,
  `AgentID` varchar(6) DEFAULT NULL,
  `BaseRentAmount` decimal(10,2) DEFAULT NULL
) ENGINE=InnoDB DEFAULT CHARSET=utf8mb4;

--
-- Dumping data for table `room`
--

INSERT INTO `room` (`RoomID`, `UnitID`, `RoomNo`, `RoomRentAmount`, `Katil`, `RoomStatus`, `CreatedAt`, `UpdatedAt`, `AgentID`, `BaseRentAmount`) VALUES
('R0001', 'U1001', 'C-15-10-R1', 250.00, 1, 'Available', '2024-11-02 01:08:47', '2025-03-09 20:30:59', NULL, 250.00),
('R0002', 'U1001', 'C-15-10-R2', 250.00, 1, 'Available', '2024-11-02 01:08:47', '2025-03-09 20:30:59', NULL, 250.00),
('R0003', 'U1001', 'C-15-10-R3', 250.00, 1, 'Available', '2024-11-02 01:08:47', '2025-03-09 20:30:59', NULL, 250.00),
('R0004', 'U1001', 'C-15-10-R4', 250.00, 1, 'Available', '2024-11-02 01:08:47', '2025-03-09 20:30:59', NULL, 250.00),
('R0005', 'U1001', 'C-15-10-R5', 450.00, 1, 'Available', '2024-11-02 01:08:47', '2025-03-09 20:30:59', NULL, 450.00),
('R0006', 'U1001', 'C-15-10-R6', 450.00, 1, 'Available', '2024-11-02 01:08:47', '2025-03-09 20:30:59', NULL, 450.00),
('R0007', 'U1001', 'C-15-10-R7', 500.00, 1, 'Available', '2024-11-02 01:08:47', '2025-03-09 20:30:59', NULL, 500.00),
('R0008', 'U1001', 'C-15-10-R8', 550.00, 1, 'Available', '2024-11-02 01:08:47', '2025-03-09 20:30:59', NULL, 550.00),
('R0009', 'U1002', 'C-16-09-R1', 250.00, 1, 'Available', '2024-11-02 01:19:07', '2025-03-09 20:30:59', NULL, 250.00),
('R0010', 'U1002', 'C-16-09-R2', 250.00, 1, 'Available', '2024-11-02 01:19:07', '2025-03-09 20:30:59', NULL, 250.00),
('R0011', 'U1002', 'C-16-09-R3', 250.00, 1, 'Available', '2024-11-02 01:19:07', '2025-03-09 20:30:59', NULL, 250.00),
('R0012', 'U1002', 'C-16-09-R4', 250.00, 1, 'Available', '2024-11-02 01:19:07', '2025-03-09 20:30:59', NULL, 250.00),
('R0013', 'U1002', 'C-16-09-R5', 450.00, 1, 'Available', '2024-11-02 01:19:07', '2025-03-09 20:30:59', NULL, 450.00),
('R0014', 'U1002', 'C-16-09-R6', 450.00, 1, 'Available', '2024-11-02 01:19:07', '2025-03-09 20:30:59', NULL, 450.00),
('R0015', 'U1002', 'C-16-09-R7', 500.00, 1, 'Available', '2024-11-02 01:19:07', '2025-03-09 20:30:59', NULL, 500.00),
('R0016', 'U1002', 'C-16-09-R8', 550.00, 1, 'Available', '2024-11-02 01:19:07', '2025-03-09 20:30:59', NULL, 550.00),
('R0017', 'U2001', '50302-R1', 250.00, 1, 'Available', '2024-11-02 01:27:26', '2025-03-09 20:30:59', NULL, 250.00),
('R0018', 'U2001', '50302-R2', 500.00, 2, 'Available', '2024-11-02 01:27:26', '2025-03-09 20:30:59', NULL, 500.00),
('R0019', 'U2001', '50302-R3', 500.00, 2, 'Available', '2024-11-02 01:27:26', '2025-03-09 20:30:59', NULL, 500.00),
('R0020', 'U2001', '50302-R4', 750.00, 3, 'Available', '2024-11-02 01:27:26', '2025-03-09 20:30:59', NULL, 750.00),
('R0021', 'U2002', '50317-R1', 250.00, 1, 'Available', '2024-11-02 01:30:10', '2025-03-09 20:30:59', NULL, 250.00),
('R0022', 'U2002', '50317-R2', 500.00, 2, 'Available', '2024-11-02 01:30:10', '2025-03-09 20:30:59', NULL, 500.00),
('R0023', 'U2002', '50317-R3', 500.00, 2, 'Available', '2024-11-02 01:30:10', '2025-03-09 20:30:59', NULL, 500.00),
('R0024', 'U2002', '50317-R4', 750.00, 3, 'Available', '2024-11-02 01:30:10', '2025-03-09 20:30:59', NULL, 750.00),
('R0025', 'U2003', '50312-R1', 250.00, 1, 'Available', '2024-11-02 01:31:15', '2025-03-09 20:30:59', NULL, 250.00),
('R0026', 'U2003', '50312-R2', 500.00, 2, 'Available', '2024-11-02 01:31:15', '2025-03-09 20:30:59', NULL, 500.00),
('R0027', 'U2003', '50312-R3', 500.00, 2, 'Available', '2024-11-02 01:31:15', '2025-03-09 20:30:59', NULL, 500.00),
('R0028', 'U2003', '50312-R4', 1000.00, 4, 'Available', '2024-11-02 01:31:15', '2025-03-09 20:30:59', NULL, 1000.00),
('R0029', 'U5001', 'E-22B-R1', 200.00, 1, 'Available', '2024-11-02 01:41:02', '2025-03-09 20:30:59', NULL, 200.00),
('R0030', 'U5001', 'E-22B-R2', 350.00, 1, 'Available', '2024-11-02 01:41:02', '2025-03-09 20:30:59', NULL, 350.00),
('R0031', 'U5001', 'E-22B-R3', 350.00, 1, 'Available', '2024-11-02 01:41:02', '2025-03-09 20:30:59', NULL, 350.00),
('R0032', 'U5001', 'E-22B-R4', 350.00, 1, 'Available', '2024-11-02 01:41:02', '2025-03-09 20:30:59', NULL, 350.00),
('R0033', 'U5001', 'E-22B-R5', 350.00, 1, 'Available', '2024-11-02 01:41:02', '2025-03-09 20:30:59', NULL, 350.00),
('R0034', 'U5001', 'E-22B-R6', 350.00, 1, 'Available', '2024-11-02 01:41:02', '2025-03-09 20:30:59', NULL, 350.00),
('R0035', 'U5001', 'E-22B-R7', 600.00, 1, 'Available', '2024-11-02 01:41:02', '2025-03-09 20:30:59', NULL, 600.00),
('R0036', 'U5001', 'E-22B-R8', 550.00, 1, 'Available', '2024-11-02 01:41:02', '2025-03-09 20:30:59', NULL, 550.00),
('R0037', 'U5001', 'E-22B-R9', 400.00, 1, 'Available', '2024-11-02 01:41:02', '2025-03-09 20:30:59', NULL, 400.00),
('R0038', 'U5001', 'E-22B-R10', 550.00, 1, 'Available', '2024-11-02 01:41:02', '2025-03-09 20:30:59', NULL, 550.00),
('R0039', 'U6001', 'A-9-7-R1', 1000.00, 4, 'Available', '2024-11-02 01:56:25', '2025-03-09 20:30:59', NULL, 1000.00),
('R0040', 'U6001', 'A-9-7-R2', 1000.00, 4, 'Available', '2024-11-02 01:56:25', '2025-03-09 20:30:59', NULL, 1000.00),
('R0041', 'U6001', 'A-9-7-R3', 500.00, 2, 'Available', '2024-11-02 01:56:25', '2025-03-09 20:30:59', NULL, 500.00),
('R0042', 'U6001', 'A-9-7-R4', 500.00, 2, 'Available', '2024-11-02 01:56:25', '2025-03-09 20:30:59', NULL, 500.00),
('R0043', 'U6002', 'A-3-8-R1', 500.00, 2, 'Available', '2024-11-02 02:03:16', '2025-03-09 20:30:59', NULL, 500.00),
('R0044', 'U6002', 'A-3-8-R2', 600.00, 4, 'Rented', '2024-11-02 02:03:16', '2025-03-13 14:33:00', 'A002', 600.00),
('R0045', 'U6002', 'A-3-8-R3', 1000.00, 4, 'Available', '2024-11-02 02:03:16', '2025-03-09 20:30:59', NULL, 1000.00),
('R0046', 'U6002', 'A-3-8-R4', 1500.00, 6, 'Available', '2024-11-02 02:03:16', '2025-03-09 20:30:59', NULL, 1500.00),
('R0047', 'U7001', 'B-16-3A-R1', 1000.00, 4, 'Available', '2024-11-02 02:09:27', '2025-03-09 20:30:59', NULL, 1000.00),
('R0048', 'U7001', 'B-16-3A-R2', 1000.00, 4, 'Available', '2024-11-02 02:09:27', '2025-03-09 20:30:59', NULL, 1000.00),
('R0049', 'U7001', 'B-16-3A-R3', 550.00, 2, 'Rented', '2024-11-02 02:09:27', '2025-03-12 16:12:36', 'A005', 550.00),
('R0050', 'U7001', 'B-16-3A-R4', 500.00, 2, 'Available', '2024-11-02 02:09:27', '2025-03-09 20:30:59', NULL, 500.00),
('R0051', 'U7002', 'A-29-6-R1', 1500.00, 6, 'Available', '2024-11-05 02:10:30', '2025-03-09 20:30:59', NULL, 1500.00),
('R0052', 'U7002', 'A-29-6-R2', 1000.00, 4, 'Available', '2024-11-05 02:10:30', '2025-03-09 20:30:59', NULL, 1000.00),
('R0053', 'U7002', 'A-29-6-R3', 1000.00, 4, 'Available', '2024-11-05 02:10:30', '2025-03-09 20:30:59', NULL, 1000.00),
('R0054', 'U7002', 'A-29-6-R4', 500.00, 2, 'Available', '2024-11-05 02:10:30', '2025-03-09 20:30:59', NULL, 500.00),
('R0055', 'U7003', 'B-13-9-R1', 1000.00, 4, 'Available', '2024-11-04 09:51:35', '2025-03-09 20:30:59', NULL, 1000.00),
('R0056', 'U7003', 'B-13-9-R2', 1000.00, 4, 'Available', '2024-11-04 09:51:35', '2025-03-09 20:30:59', NULL, 1000.00),
('R0057', 'U7003', 'B-13-9-R3', 1500.00, 6, 'Available', '2024-11-04 09:51:35', '2025-03-09 20:30:59', NULL, 1500.00),
('R0058', 'U7003', 'B-13-9-R4', 1000.00, 4, 'Available', '2024-11-04 09:51:35', '2025-03-09 20:30:59', NULL, 1000.00),
('R0059', 'U8001', 'A-17-2-R1', 500.00, 2, 'Available', '2024-11-04 10:16:39', '2025-03-09 20:30:59', NULL, 500.00),
('R0060', 'U8001', 'A-17-2-R2', 1000.00, 4, 'Available', '2024-11-04 10:16:39', '2025-03-09 20:30:59', NULL, 1000.00),
('R0061', 'U8001', 'A-17-2-R3', 1000.00, 4, 'Available', '2024-11-04 10:16:39', '2025-03-09 20:30:59', NULL, 1000.00),
('R0062', 'U8001', 'A-17-2-R4', 1500.00, 6, 'Available', '2024-11-04 10:16:39', '2025-03-09 20:30:59', NULL, 1500.00),
('R0063', 'U8002', 'A-11-11-R1', 600.00, 1, 'Available', '2025-01-05 15:50:35', '2025-03-09 20:30:59', NULL, 600.00);

-- --------------------------------------------------------

--
-- Table structure for table `tenant`
--

CREATE TABLE `tenant` (
  `TenantID` varchar(255) NOT NULL,
  `UnitID` varchar(6) NOT NULL,
  `RoomID` varchar(6) DEFAULT NULL,
  `BedID` varchar(6) DEFAULT NULL,
  `AgentID` varchar(6) NOT NULL,
  `TenantName` varchar(255) NOT NULL,
  `TenantPhoneNo` varchar(20) NOT NULL,
  `TenantEmail` varchar(255) NOT NULL,
  `RentStartDate` date NOT NULL,
  `RentExpiryDate` date NOT NULL,
  `TenantStatus` varchar(255) DEFAULT NULL,
  `CreatedAt` datetime DEFAULT CURRENT_TIMESTAMP,
  `UpdatedAt` datetime DEFAULT CURRENT_TIMESTAMP ON UPDATE CURRENT_TIMESTAMP,
  `RentalType` varchar(255) NOT NULL
) ENGINE=InnoDB DEFAULT CHARSET=utf8mb4;

--
-- Dumping data for table `tenant`
--

INSERT INTO `tenant` (`TenantID`, `UnitID`, `RoomID`, `BedID`, `AgentID`, `TenantName`, `TenantPhoneNo`, `TenantEmail`, `RentStartDate`, `RentExpiryDate`, `TenantStatus`, `CreatedAt`, `UpdatedAt`, `RentalType`) VALUES
('000128-03-0525', 'U8001', NULL, 'B0134', 'A002', 'MUHAMMAD AIMAN BIN MAT YUSOFF', '014-2809290', 'muhd.aiman2801@gmail.com', '2024-10-01', '2025-10-01', 'Moved Out', '2025-01-05 04:22:24', '2025-02-28 07:06:55', 'Bed'),
('000129-03-1327', 'U8001', NULL, 'B0133', 'A002', 'MUHAMMAD ARIF BIN JALALUDDIN', '013-3046982', 'Colekbuoh1@gmail.com', '2024-10-01', '2025-10-01', 'Moved Out', '2025-01-05 04:15:20', '2025-02-28 07:06:55', 'Bed'),
('000410010085', 'U2002', NULL, 'B0027', 'A004', 'MOHAMAD AQID SYAFAAT BIN AMRAN', '01128132454', 'afiqhaziman98@gmail.com', '2024-04-22', '2025-04-22', 'Moved Out', '2025-01-05 14:58:19', '2025-02-28 07:06:55', 'Bed'),
('000720140416', 'U7002', NULL, 'B0104', 'A002', 'NUR CAMELIA ERISYA BINTI AMRIL AFRIDI', '0197878951', 'cameliaerisya08@gmail.com', '2024-06-02', '2025-06-02', 'Rented', '2025-01-05 15:50:32', '2025-02-28 07:06:55', 'Bed'),
('000822110250', 'U2003', NULL, 'B0038', 'A003', 'NOORHIDAYU BINTI MUHAMAD', '0102822085', 'noorayu2208@gmail.com', '2025-01-01', '2026-01-01', 'Rented', '2025-01-04 21:17:54', '2025-02-28 07:17:08', 'Bed'),
('001006080414', 'U7002', NULL, 'B0103', 'A002', 'QISTINA AJMAL DINI BINTI ABDUL JAMAL', '016-9418063', 'qistidee@gmail.com', '2024-06-03', '2025-06-03', 'Rented', '2025-01-02 23:24:03', '2025-02-28 07:06:55', 'Bed'),
('001017060881', 'U7001', NULL, 'B0083', 'A002', 'AHMAD ZULKARNAIN BIN ZAINUDDIN', '+60195127883', 'syedr10.sr@gmail.com', '2025-03-01', '2026-03-01', 'Rented', '2025-03-11 18:11:36', '2025-03-12 18:15:21', 'Bed'),
('001107030627', 'U8001', NULL, 'B0130', 'A002', 'AHMAD HILMAN BIN ZAKARIA', '0142107507', 'syedr10.sr@gmail.com', '2025-03-01', '2026-03-01', 'Rented', '2025-02-28 12:00:40', '2025-02-28 12:03:44', 'Bed'),
('010321031465', 'U7001', NULL, 'B0085', 'A005', 'MUHAMMAD KHAIDIR BIN ZKIRNAINI', '0183748774', 'nrhfzh788@gmail.com', '2024-07-01', '2025-07-01', 'Rented', '2025-01-05 22:36:10', '2025-02-28 07:06:55', 'Bed'),
('010402061148', 'U7003', NULL, 'B0121', 'A002', 'WAN NUR AIN NATASHA BINTI ABDUL RAHMAN', '01128945301', 'an.ainnatasha1@gmail.com', '2024-08-18', '2025-08-18', 'Moved Out', '2025-01-05 13:43:53', '2025-02-28 07:06:55', 'Bed'),
('010413080723', 'U1002', NULL, 'B0016', 'A005', 'MUHAMMAD IZZ SYAHMI BIN SAMSUL', '+60 14-315 8230', 'syedr10.sr@gmail.com', '2024-10-01', '2025-10-01', 'Moved Out', '2025-01-05 13:25:54', '2025-02-28 07:06:55', 'Bed'),
('010511-11-0586', 'U2003', NULL, 'B0040', 'A003', 'NOR AFFRINA BINTI ZAINAL', '0133431367', 'noraffrina01@gmail.com', '2024-10-15', '2025-10-15', 'Moved Out', '2025-01-04 22:19:36', '2025-02-28 07:06:55', 'Bed'),
('010725-08-0730', 'U7002', NULL, 'B0101', 'A007', 'Nurul Nabila Binti Ahmad Nizam', '018-4017869', 'nbilanzam@gmail.com', '2025-05-01', '2026-05-01', 'Rented', '2025-04-22 16:23:05', '2025-04-22 16:23:05', 'Bed'),
('010725130857', 'U8001', NULL, 'B0139', 'A005', 'MUHAMMAD RADHI ZAINI BIN RAWANTO', '01129149597', 'default@gmail.com', '2024-10-01', '2025-10-01', 'Rented', '2025-01-04 09:28:24', '2025-02-28 07:06:55', 'Bed'),
('010817-11-0132', 'U2003', NULL, 'B0039', 'A003', 'NUR SHAIDATUL FATIHA BINTI NOR AMRAN', '01121288699', 'shaidatulamran@gmail.com', '2024-10-15', '2025-10-15', 'Moved Out', '2025-01-04 21:49:26', '2025-02-28 07:06:55', 'Bed'),
('010829090095', 'U8001', NULL, 'B0138', 'A002', 'MUHAMMAD LUKMAN BIN KIRUNJISMAN', '0176644866', 'syedr10.sr@gmail.com', '2024-10-13', '2025-10-13', 'Rented', '2025-01-04 22:45:52', '2025-02-28 07:06:55', 'Bed'),
('010912-11-0034', 'U2003', NULL, 'B0041', 'A003', 'RABIATUL NAJWA BINTI MOHAMAD NOR', '01129333818', 'rabiatulnjwa12@gmail.com', '2024-10-15', '2025-10-15', 'Moved Out', '2025-01-04 22:21:28', '2025-02-28 07:06:55', 'Bed'),
('010929030110', 'U7002', NULL, 'B0105', 'A005', 'NUR FATINHANANI BINTI  MOHD NARA', '0165434652', 'syedr10.sr@gmail.com', '2024-10-13', '2025-10-13', 'Moved Out', '2025-01-04 22:24:58', '2025-02-28 07:06:55', 'Bed'),
('011002011023', 'U2002', NULL, 'B0026', 'A004', 'MUHAMMAD WIDAD ASFA HAFIE', '0137698669', 'afiqhaziman98@gmail.com', '2024-04-22', '2025-04-22', 'Moved Out', '2025-01-05 14:56:38', '2025-02-28 07:06:55', 'Bed'),
('011108-02-0497', 'U8001', NULL, 'B0135', 'A002', 'AMIRUL ZUL IRFAN BIN SOPRI', '0124922573', 'amirulzulirfansopri@gmail.com', '2024-10-01', '2025-10-01', 'Rented', '2025-01-05 04:13:08', '2025-02-28 07:06:55', 'Bed'),
('011207020265', 'U1002', NULL, 'B0012', 'A002', 'MUHAMMAD HAIKAL BIN BAHARI', '0109355945', 'syedr10.sr@gmail.com', '2025-03-13', '2026-03-13', 'Rented', '2025-03-13 12:06:04', '2025-03-13 12:06:04', 'Bed'),
('020313060679', 'U1001', NULL, 'B0008', 'A008', 'MUHAMMAD HARRIS HAIQAL BIN HAZRISYAM', '+60 17-928 5211', 'syedr10.sr@gmail.com', '2024-10-01', '2025-10-01', 'Active', '2025-01-05 13:28:27', '2025-03-09 17:15:38', 'Bed'),
('020713080433', 'U5001', NULL, 'B0043', 'A003', 'MUHAMMAD RAZIN NAIF BIN MOHD RUSHDI', '0139934418', 'syedr10.sr@gmail.com', '2024-10-06', '2025-10-06', 'Rented', '2025-01-05 04:09:59', '2025-02-28 07:06:55', 'Bed'),
('020914011194', 'U7002', NULL, 'B0099', 'A002', 'NUR IZZATI NAZIHAH BINTI ABD ADZIS @AZIZ', '0177286424', 'syedr10.sr@gmail.com', '2024-06-01', '2025-06-01', 'Rented', '2025-01-05 15:53:34', '2025-02-28 07:06:55', 'Bed'),
('021011060168', 'U7002', NULL, 'B0100', 'A002', 'NURUL AIN SYAHIRAH BINTI ABDUL BASID', '01117876323', 'syedr10.sr@gmail.com', '2024-06-01', '2025-06-01', 'Moved Out', '2025-01-05 15:54:50', '2025-03-09 21:41:08', 'Bed'),
('021113100466', 'U7002', NULL, 'B0106', 'A008', 'NURMARLIYANA BINTI A RAHIM', '0175938472', 'rasyeed.aatsb@gmail.com', '2024-10-01', '2025-10-01', 'Moved Out', '2025-01-05 04:42:07', '2025-02-28 07:06:55', 'Bed'),
('021129-12-0445', 'U7001', NULL, 'B0083', 'A007', 'MOHAMMAD HAFIEZUL BIN ZULKARNAIN', '60 13-373 4075', 'naufallatif17@gmail.com', '2024-10-01', '2025-10-01', 'Moved Out', '2025-01-05 04:36:52', '2025-02-28 07:06:55', 'Bed'),
('030312101220', 'U7003', NULL, 'B0120', 'A002', 'NURASYURA BINTI MOHD SARI ', '0133740681', 'araasyura745@gmail.com', '2024-08-18', '2025-08-18', 'Rented', '2025-01-05 13:46:35', '2025-02-28 07:06:55', 'Bed'),
('030807120123', 'U6001', NULL, 'B0057', 'A002', 'LILY BINTI MOHD TAUFIK ENG ABDULLAH ', '01123099085', 'lilytaufik08@gmail.com', '2024-03-29', '2025-03-29', 'Moved Out', '2025-01-05 15:05:15', '2025-02-28 07:06:55', 'Bed'),
('030822141038', 'U6001', NULL, 'B0053', 'A002', 'HUZANDRIA NUR AMANINAIDA BINTI MOHD HUZAIMI', '+601112273613', 'syedr10.sr@gmail.com', '2025-01-01', '2026-01-01', 'Rented', '2025-03-12 17:17:29', '2025-03-12 17:28:25', 'Bed'),
('030824060098', 'U6001', NULL, 'B0053', 'A002', 'NUR FADHILAH BINTI ZAILAN', '01139180084', 'nfadhilah2408@gmail.com', '2024-03-08', '2025-03-08', 'Moved Out', '2025-01-05 15:35:49', '2025-03-12 17:15:49', 'Bed'),
('030913160074', 'U6001', NULL, 'B0054', 'A002', 'SARA BALQIS BINTI MUHAMMAD ARIF PERIS', '+601114378478', 'syedr10.sr@gmail.com', '2025-01-01', '2026-01-01', 'Rented', '2025-03-12 17:19:42', '2025-03-12 17:27:25', 'Bed'),
('040111060134', 'U7003', NULL, 'B0119', 'A005', 'NURUL AINA YUSRA BINTI A NAZRI', '01117852928', 'mieramusse@gmail.com', '2024-08-01', '2025-08-01', 'Rented', '2025-01-05 13:59:08', '2025-02-28 07:06:55', 'Bed'),
('040225110347', 'U2002', NULL, 'B0029', 'A003', 'MUHAMMAD NAZRI BIN EMBONG', '0139599257', 'nazriembong9@gmail.com', '2024-08-01', '2025-08-01', 'Rented', '2024-12-31 07:48:53', '2025-02-28 07:06:55', 'Bed'),
('040229010159', 'U6002', NULL, 'B0077', 'A007', 'Faris Mirza Bin Mohd Razalei', '013-456 2494', 'farizmirza2902@gmail.com', '2025-04-01', '2026-04-01', 'Rented', '2025-03-24 14:16:42', '2025-03-24 14:16:42', 'Bed'),
('040401080125', 'U7001', 'R0047', 'B0084', 'A002', 'MUHAMMAD BURHAN ADLI', '+601124048427', 'syedr10.sr@gmail.com', '2025-01-01', '2026-01-01', 'Rented', '2025-03-13 14:29:22', '2025-03-13 14:29:22', 'Bed'),
('040611020446', 'U7003', NULL, 'B0118', 'A005', 'NURUL AMIRA BINTI MUSSERIHAN', '0173018403', 'mieramusse@gmail.com', '2024-07-19', '2025-07-19', 'Rented', '2025-01-05 14:04:48', '2025-02-28 07:06:55', 'Bed'),
('040613150076', 'U7003', NULL, 'B0117', 'A005', 'NUR ANNISA BINTI FAROZ KHAN', '0168374565', 'nurannisafaroz13@gmail.com', '2024-07-19', '2025-07-19', 'Rented', '2025-01-05 14:06:51', '2025-02-28 07:06:55', 'Bed'),
('040617-03-0565', 'U2001', NULL, 'B0019', 'A002', 'MOHAMAD NUR HAKIM BIN IBRAHIM', '0175287868', 'syedr10.sr@gmail.com', '2025-03-12', '2026-03-12', 'Rented', '2025-03-12 16:46:45', '2025-03-12 16:46:45', 'Bed'),
('040709130643', 'U1001', NULL, 'B0001', 'A002', 'DESMOND FAM CHUN JIE', '01139268099', 'syedr10.sr@gmail.com', '2025-05-01', '2026-05-01', 'Rented', '2025-04-30 16:53:41', '2025-04-30 16:53:41', 'Bed'),
('050422101262', 'U7002', NULL, 'B0095', 'A007', 'AMANINA BINTI AHMAD JAMIL', '01163885150', 'aamanina334@gmail.com', '2024-06-07', '2025-06-07', 'Rented', '2025-01-05 16:08:11', '2025-02-28 07:06:55', 'Bed'),
('050509120896', 'U8002', NULL, 'B0143', 'A005', 'NURBALQISRAIDA BINTI JUWAISIN', '0132584065', 'nrbalqis74@gmail.com', '2024-06-05', '2025-06-05', 'Rented', '2025-01-05 16:00:17', '2025-02-28 07:06:55', 'Bed'),
('060321141459', 'U1002', NULL, 'B0009', 'A008', 'ASYRAF SYAHMI BIN MUHAMMAD ADRY SHAH', '0146480828', 'baharinaryati@gmail.com', '2024-11-01', '2025-11-01', 'Moved Out', '2025-01-04 21:40:14', '2025-03-12 16:13:39', 'Bed'),
('060329120572', 'U6001', NULL, 'B0056', 'A002', 'Nur Alia Natasya Binti Mohd Fauzi', '01112981703', 'syedr10.sr@gmail.com', '2025-05-01', '2026-05-01', 'Rented', '2025-04-30 15:50:10', '2025-04-30 15:50:10', 'Bed'),
('145924D', 'U5001', NULL, 'B0050', 'A003', 'ANTARA ELEKTRIK SDN BHD', '0172873437', 'halimatonsyuhada98@gmail.com', '2024-12-01', '2025-12-01', 'Rented', '2025-01-04 21:32:00', '2025-02-28 07:06:55', 'Bed'),
('250107100012', 'U1002', NULL, 'B0012', 'A002', 'PV9 C-16-9-R4', '0136600635', 'accs.owais@gmail.com', '2025-01-07', '2026-01-07', 'Moved Out', '2025-01-07 23:48:16', '2025-02-28 07:06:55', 'Bed'),
('250107140001', 'U1001', NULL, 'B0001', 'A002', 'PV9 C-15-10-R1', '0136600635', 'accs.owais@gmail.com', '2025-01-07', '2026-01-07', 'Moved Out', '2025-01-07 23:36:43', '2025-02-28 07:06:55', 'Bed'),
('250107140004', 'U1001', NULL, 'B0004', 'A005', 'MUHAMMAD ANIQ LUQMAN BIN ABDUL RAZAK', '01160903600', 'accs.owais@gmail.com', '2025-01-07', '2026-01-07', 'Rented', '2025-01-07 23:39:56', '2025-02-28 07:06:55', 'Bed'),
('250107140007', 'U1001', NULL, 'B0007', 'A004', 'MOHD NOOR BIN SULAIMAN', '0174470565', 'accs.owais@gmail.com', '2025-01-07', '2026-01-07', 'Moved Out', '2025-01-07 23:42:02', '2025-03-09 16:13:10', 'Bed'),
('250107140011', 'U1002', NULL, 'B0011', 'A002', 'MOHAMAD ASRUL ADLI BIN MOHAMAD RUSLI', '01123462816', 'accs.owais@gmail.com', '2025-01-07', '2026-01-07', 'Rented', '2025-01-07 23:46:06', '2025-02-28 07:06:55', 'Bed'),
('250107140014', 'U1002', NULL, 'B0014', 'A004', 'AHMAD ASJAD BIN AHMAD SAUFI', '0142160605', 'accs.owais@gmail.com', '2025-01-07', '2026-01-07', 'Rented', '2025-01-07 23:50:04', '2025-02-28 07:06:55', 'Bed'),
('250107140015', 'U1002', NULL, 'B0015', 'A005', 'AIMAN', '0199305342', 'accs.owais@gmail.com', '2025-01-07', '2026-01-07', 'Rented', '2025-01-07 23:51:46', '2025-02-28 07:06:55', 'Bed'),
('250107140037', 'U2003', NULL, 'B0037', 'A003', 'Makchili 50312-B5', '0136600635', 'accs.owais@gmail.com', '2025-01-08', '2026-01-08', 'Rented', '2025-01-08 02:39:02', '2025-02-28 07:06:55', 'Bed'),
('250107140044', 'U5001', NULL, 'B0044', 'A003', 'MUHAMMAD ALIFF AIMAN', '0179931044', 'accs.owais@gmail.com', '2025-01-07', '2026-01-07', 'Rented', '2025-01-07 23:54:02', '2025-02-28 07:06:55', 'Bed'),
('250107140046', 'U5001', NULL, 'B0046', 'A003', 'CHENG KAH SIONG', '0192180119', 'accs.owais@gmail.com', '2025-01-07', '2026-01-07', 'Rented', '2025-01-07 23:55:42', '2025-02-28 07:06:55', 'Bed'),
('250107140047', 'U5001', NULL, 'B0047', 'A003', 'ALIF FAKHRULLAH BIN MIAT', '01154211770', 'accs.owais@gmail.com', '2025-01-07', '2026-01-07', 'Rented', '2025-01-07 23:57:12', '2025-02-28 07:06:55', 'Bed'),
('250107140062', 'U5001', NULL, 'B0052', 'A002', 'PV3 A-9-7-B10', '0136600635', 'accs.owais@gmail.com', '2025-01-08', '2026-01-08', 'Moved Out', '2025-01-08 00:14:04', '2025-02-28 07:06:55', 'Bed'),
('250107140064', 'U6001', NULL, 'B0064', 'A002', 'PV3 A-9-7-B12', '0136600635', 'accs.owais@gmail.com', '2025-01-08', '2026-01-08', 'Moved Out', '2025-01-08 00:16:32', '2025-02-28 07:06:55', 'Bed'),
('250107140073', 'U6002', NULL, 'B0073', 'A002', 'KHALID BIN KAMARUZAMAN', '0136600635', 'accs.owais@gmail.com', '2025-01-08', '2026-01-08', 'Rented', '2025-01-08 02:25:50', '2025-02-28 07:06:55', 'Bed'),
('250107140074', 'U6002', NULL, 'B0074', 'A002', 'AZFAR SYAMIL', '0136600635', 'accs.owais@gmail.com', '2025-01-08', '2026-01-08', 'Rented', '2025-01-08 02:27:29', '2025-02-28 07:06:55', 'Bed'),
('250107140081', 'U7001', NULL, 'B0081', 'A003', 'ANEQ SHAMEEM', '01110875491', 'accs.owais@gmail.com', '2025-01-08', '2026-01-08', 'Rented', '2025-01-08 00:19:48', '2025-02-28 07:06:55', 'Bed'),
('250107140084', 'U7001', NULL, 'B0084', 'A002', 'PV2 B-16-3A-B4', '0136600635', 'accs.owais@gmail.com', '2025-01-08', '2026-01-08', 'Moved Out', '2025-01-08 00:21:13', '2025-02-28 07:06:55', 'Bed'),
('250107140088', 'U7001', NULL, 'B0088', 'A002', 'IRWAN BIN MUSTAZA KAMAL', '01116934249', 'accs.owais@gmail.com', '2025-01-08', '2026-01-08', 'Rented', '2025-01-08 00:23:17', '2025-02-28 07:06:55', 'Bed'),
('250107140094', 'U7002', NULL, 'B0094', 'A002', 'NUR FATIN SAHIRA BINTI SOBIAN', '0136600635', 'accs.owais@gmail.com', '2025-01-08', '2026-01-08', 'Rented', '2025-01-08 02:29:55', '2025-02-28 07:06:55', 'Bed'),
('250107140096', 'U7002', NULL, 'B0096', 'A005', 'RUSWIYANTI', '0136600635', 'accs.owais@gmail.com', '2025-01-08', '2026-01-08', 'Moved Out', '2025-01-08 02:31:19', '2025-04-09 20:58:58', 'Bed'),
('250107140132', 'U8001', NULL, 'B0132', 'A005', 'PV5 A-17-2-B6', '0136600635', 'accs.owais@gmail.com', '2025-01-08', '2026-01-08', 'Moved Out', '2025-01-08 02:36:03', '2025-02-28 07:06:55', 'Bed'),
('250107140136', 'U8001', NULL, 'B0136', 'A002', 'PV5 A-17-2-B10', '0136600635', 'accs.owais@gmail.com', '2025-01-08', '2026-01-08', 'Moved Out', '2025-01-08 02:37:30', '2025-02-28 07:06:55', 'Bed'),
('250109140062', 'U6001', NULL, 'B0062', 'A002', 'NOR DIYANA BINTI HAMDAN', '01125423742', 'accs.owais@gmail.com', '2024-03-01', '2025-03-01', 'Rented', '2025-01-09 23:23:40', '2025-02-28 07:06:55', 'Bed'),
('250701140010', 'U1002', NULL, 'B0010', 'A002', 'MUHAMAD ARIF BIN AHMAD ZUBIR', '01110298141', 'accs.owais@gmail.com', '2025-01-07', '2026-01-07', 'Rented', '2025-01-07 23:44:35', '2025-02-28 07:06:55', 'Bed'),
('690102038749', 'U6001', NULL, 'B0054', 'A002', 'ISMAIL BIN HUSSIN', '0104353933', 'syedr10.sr@gmail.com', '2024-05-08', '2025-05-08', 'Moved Out', '2025-01-05 15:30:38', '2025-03-09 21:18:15', 'Bed'),
('780522145021', 'U6002', 'R0044', NULL, 'A002', 'ZAIEARI BIN MASRI', '0196196809', 'syedr10.sr@gmail.com', '2024-07-01', '2025-07-01', 'Rented', '2025-03-12 17:23:47', '2025-03-12 17:23:47', 'Room'),
('810415105248', 'U6001', NULL, 'B0055', 'A002', 'Mahanum Binti Dahrin', '0182980415', 'syedr10.sr@gmail.com', '2025-05-01', '2026-05-01', 'Rented', '2025-04-30 15:57:26', '2025-04-30 15:57:26', 'Bed'),
('900527065489', 'U7001', NULL, 'B0082', 'A002', 'AIYDIL HAKIM BIN IBRAHIM', '0199708660', 'aiydil90@gmail.com', '2024-04-01', '2025-04-01', 'Rented', '2025-01-05 22:40:40', '2025-02-28 07:06:55', 'Bed'),
('940519115657', 'U8001', NULL, 'B0129', 'A002', 'ABDUL MUIZ BIN BAKHTIAR MADZI', '01123098006', 'syedr10.sr@gmail.com', '2025-03-01', '2026-03-01', 'Rented', '2025-02-28 11:58:35', '2025-02-28 12:03:52', 'Bed'),
('940718085219', 'U1001', NULL, 'B0002', 'A004', 'NOR SYAFIQ BIN HAMDAN', '0175516434', 'syedr10.sr@gmail.com', '2024-07-15', '2025-07-15', 'Rented', '2025-01-05 14:10:01', '2025-03-09 16:41:51', 'Bed'),
('960718035869', 'U7001', NULL, 'B0087', 'A002', 'MOHAMAD IKMAL HAKIMI BIN IBRAHIM', '01111184405', 'syedr10.sr@gmail.com', '2025-03-13', '2026-03-13', 'Rented', '2025-03-13 11:58:17', '2025-03-13 11:58:18', 'Bed'),
('960816115256', 'U7002', NULL, 'B0093', 'A002', 'NUR SHAHRIZAN BINTI IBRAHIM', '01173138235', 'nurshah1416@gmail.com', '2024-06-04', '2025-06-04', 'Rented', '2025-01-05 16:06:33', '2025-02-28 07:06:55', 'Bed'),
('970112065181', 'U1001', NULL, 'B0003', 'A002', 'AHMAD HASRIL KHUSAIRI BIN MOHD JEFRI', '0129056944', 'syedr10.sr@gmail.com', '2025-05-01', '2026-05-01', 'Rented', '2025-04-30 16:45:04', '2025-04-30 16:45:04', 'Bed'),
('970123065793', 'U2003', 'R0026', 'B0034', 'A004', 'MUHAMMAD FAKHRI ABDULLAH BIN SAIFULLAH', '01125423742', 'syedr10.sr@gmail.com', '2025-01-01', '2026-01-01', 'Rented', '2025-04-09 21:20:09', '2025-04-09 21:20:09', 'Bed'),
('970208135041', 'U6001', NULL, 'B0063', 'A002', 'YAZID BIN KELOMPOT ', '0149422955', 'syedr10.sr@gmail.com', '2024-05-05', '2025-05-05', 'Moved Out', '2025-01-05 15:39:00', '2025-02-28 07:06:55', 'Bed'),
('970615115371', 'U2001', NULL, 'B0017', 'A004', 'HARIS HAKIMI BIN YUSOF', '013-9900509', 'syedr10.sr@gmail.com', '2024-08-11', '2025-08-11', 'Rented', '2025-01-05 13:49:48', '2025-02-28 07:12:59', 'Bed'),
('980416106957', 'U8001', NULL, 'B0136', 'A002', 'mohamad ameerul syafeeq bin omar', '01128050810', 'syedr10.sr@gmail.com', '2025-05-01', '2026-05-01', 'Rented', '2025-04-30 16:03:07', '2025-04-30 16:03:07', 'Bed'),
('980919015379', 'U5001', NULL, 'B0051', 'A003', 'Sufri Ikhmal Bin Azli Izwan', '01127228099', 'syedr10.sr@gmail.com', '2025-05-01', '2026-05-01', 'Rented', '2025-04-30 14:57:38', '2025-04-30 14:57:38', 'Bed'),
('981001126133', 'U7001', NULL, 'B0086', 'A005', 'MOHD KHAIRUL ADZHAR BIN DALAMIT', '0178692532', 'nrhfzh788@gmail.com', '2024-07-01', '2025-07-01', 'Rented', '2025-01-05 22:37:34', '2025-02-28 07:06:55', 'Bed'),
('981127026306', 'U7002', NULL, 'B0098', 'A002', 'NUR ZULAIKHA BINTI ZULKIFLY', '0134035519', 'ika.zulaikha47@yahoo.com', '2024-06-01', '2025-06-01', 'Rented', '2025-01-05 15:56:23', '2025-02-28 07:06:55', 'Bed'),
('990101085265', 'U7001', 'R0049', NULL, 'A005', 'JEFFRY BIN HUSNU', '01162438259', 'syedr10.sr@gmail.com', '2024-04-01', '2025-04-01', 'Rented', '2025-03-04 20:12:14', '2025-03-04 20:13:39', 'Room'),
('990502036173', 'U1002', NULL, 'B0009', 'A005', 'MUHAMMAD ZULFADHLI BIN DE FADLULLAH', '01116725698', 'syedr10.sr@gmail.com', '2025-05-01', '2026-05-01', 'Rented', '2025-04-30 17:28:18', '2025-04-30 17:28:18', 'Bed'),
('990721075295', 'U8001', NULL, 'B0137', 'A002', 'MUHAMMAD AZARUL BIN ABD AZIZ', '0169835645', 'syedr10.sr@gmail.com', '2024-10-13', '2025-10-13', 'Rented', '2025-01-04 23:25:34', '2025-02-28 07:06:55', 'Bed'),
('990831126890', 'U6001', NULL, 'B0058', 'A002', 'SITI NURMARIAH BINTI OMAR', '0122191631', 'mariahamor31@gmail.com', '2024-03-29', '2025-03-29', 'Moved Out', '2025-01-05 15:07:09', '2025-02-28 07:06:55', 'Bed');

-- --------------------------------------------------------

--
-- Table structure for table `unit`
--

CREATE TABLE `unit` (
  `UnitID` varchar(6) NOT NULL,
  `PropertyID` varchar(6) NOT NULL,
  `UnitNo` varchar(255) NOT NULL,
  `FloorPlan` varchar(255) DEFAULT NULL,
  `Investor` varchar(255) DEFAULT NULL,
  `UnitType` varchar(50) DEFAULT NULL,
  `OccupancyStatus` varchar(50) DEFAULT 'Available',
  `CreatedAt` datetime DEFAULT CURRENT_TIMESTAMP,
  `UpdatedAt` datetime DEFAULT CURRENT_TIMESTAMP ON UPDATE CURRENT_TIMESTAMP
) ENGINE=InnoDB DEFAULT CHARSET=utf8mb4;

--
-- Dumping data for table `unit`
--

INSERT INTO `unit` (`UnitID`, `PropertyID`, `UnitNo`, `FloorPlan`, `Investor`, `UnitType`, `OccupancyStatus`, `CreatedAt`, `UpdatedAt`) VALUES
('U1001', '1', 'C-15-10', 'floorplan/pv9-c-15-10.php', 'Internal', NULL, 'Available', '2024-10-30 16:31:27', '2024-10-30 16:31:27'),
('U1002', '1', 'C-16-09', 'floorplan/pv9-c-16-9.php', 'Internal', NULL, 'Available', '2024-10-30 16:31:27', '2024-10-30 19:11:58'),
('U2001', '2', '50302', 'floorplan/makchili-50302.php', 'Internal', NULL, 'Available', '2024-10-30 16:31:27', '2024-10-30 22:00:23'),
('U2002', '2', '50317', 'floorplan/makchili-50317.php', 'Internal', NULL, 'Available', '2024-10-30 16:31:27', '2024-10-30 22:52:38'),
('U2003', '2', '50312', 'floorplan/makchili-50312.php', 'Internal', NULL, 'Available', '2024-10-30 22:53:57', '2024-10-30 22:53:57'),
('U5001', '5', 'E-22B', 'floorplan/cyber-e22b.php', 'Internal', NULL, 'Available', '2024-10-30 16:31:27', '2024-11-06 03:59:46'),
('U6001', '6', 'A-9-7', 'floorplan/pv3-a-9-7.php', 'External', NULL, 'Available', '2024-10-30 16:31:27', '2024-11-01 22:58:25'),
('U6002', '6', 'A-3-8', 'floorplan/pv3-a-3-8.php', 'External', NULL, 'Available', '2024-10-30 16:31:27', '2024-11-01 23:09:27'),
('U7001', '7', 'B-16-3A', 'floorplan/pv2-b-16-3a.php', 'External', NULL, 'Available', '2024-10-30 16:31:27', '2024-11-01 23:20:07'),
('U7002', '7', 'A-29-6', 'floorplan/pv2-a-29-6.php', 'External', NULL, 'Available', '2024-10-30 16:31:27', '2024-11-02 02:05:02'),
('U7003', '7', 'B-13-9', 'floorplan/pv2-b-13-9.php', 'External', NULL, 'Available', '2024-10-30 16:31:27', '2024-11-02 02:05:11'),
('U8001', '8', 'A-17-2', 'floorplan/pv5-a-17-2.php', 'External', NULL, 'Available', '2024-10-30 16:31:27', '2024-11-04 10:15:17'),
('U8002', '8', 'A-11-11', NULL, 'External', NULL, 'Available', '2024-10-30 16:31:27', '2024-11-04 10:15:23');

--
-- Indexes for dumped tables
--

--
-- Indexes for table `agent`
--
ALTER TABLE `agent`
  ADD PRIMARY KEY (`AgentID`);

--
-- Indexes for table `bed`
--
ALTER TABLE `bed`
  ADD PRIMARY KEY (`BedID`),
  ADD KEY `RoomID` (`RoomID`),
  ADD KEY `UnitID` (`UnitID`),
  ADD KEY `AgentID` (`AgentID`);

--
-- Indexes for table `credit`
--
ALTER TABLE `credit`
  ADD PRIMARY KEY (`CreditID`),
  ADD KEY `credit_ibfk_1` (`TenantID`);

--
-- Indexes for table `deposit`
--
ALTER TABLE `deposit`
  ADD PRIMARY KEY (`DepositID`),
  ADD KEY `deposit_ibfk_1` (`TenantID`),
  ADD KEY `deposit_ibfk_2` (`BedID`),
  ADD KEY `deposit_ibfk_3` (`AgentID`);

--
-- Indexes for table `parking`
--
ALTER TABLE `parking`
  ADD PRIMARY KEY (`ParkingID`),
  ADD UNIQUE KEY `SpaceNumber` (`SpaceNumber`),
  ADD KEY `TenantID` (`TenantID`),
  ADD KEY `UnitID` (`UnitID`);

--
-- Indexes for table `payment`
--
ALTER TABLE `payment`
  ADD PRIMARY KEY (`PaymentID`),
  ADD KEY `payment_ibfk_1` (`TenantID`),
  ADD KEY `payment_ibfk_2` (`BedID`),
  ADD KEY `payment_ibfk_3` (`AgentID`),
  ADD KEY `payment_ibfk_4` (`RoomID`);

--
-- Indexes for table `paymenthistory`
--
ALTER TABLE `paymenthistory`
  ADD PRIMARY KEY (`PaymentHistoryID`),
  ADD KEY `paymenthistory_ibfk_1` (`TenantID`),
  ADD KEY `paymenthistory_ibfk_2` (`AgentID`);

--
-- Indexes for table `property`
--
ALTER TABLE `property`
  ADD PRIMARY KEY (`PropertyID`),
  ADD KEY `AgentID` (`AgentID`);

--
-- Indexes for table `room`
--
ALTER TABLE `room`
  ADD PRIMARY KEY (`RoomID`),
  ADD KEY `UnitID` (`UnitID`),
  ADD KEY `AgentID` (`AgentID`);

--
-- Indexes for table `tenant`
--
ALTER TABLE `tenant`
  ADD PRIMARY KEY (`TenantID`),
  ADD KEY `UnitID` (`UnitID`),
  ADD KEY `RoomID` (`RoomID`),
  ADD KEY `BedID` (`BedID`),
  ADD KEY `AgentID` (`AgentID`);

--
-- Indexes for table `unit`
--
ALTER TABLE `unit`
  ADD PRIMARY KEY (`UnitID`),
  ADD KEY `PropertyID` (`PropertyID`);

--
-- Constraints for dumped tables
--

--
-- Constraints for table `bed`
--
ALTER TABLE `bed`
  ADD CONSTRAINT `bed_ibfk_1` FOREIGN KEY (`RoomID`) REFERENCES `room` (`RoomID`),
  ADD CONSTRAINT `bed_ibfk_2` FOREIGN KEY (`UnitID`) REFERENCES `unit` (`UnitID`),
  ADD CONSTRAINT `bed_ibfk_3` FOREIGN KEY (`AgentID`) REFERENCES `agent` (`AgentID`);

--
-- Constraints for table `credit`
--
ALTER TABLE `credit`
  ADD CONSTRAINT `credit_ibfk_1` FOREIGN KEY (`TenantID`) REFERENCES `tenant` (`TenantID`);

--
-- Constraints for table `deposit`
--
ALTER TABLE `deposit`
  ADD CONSTRAINT `deposit_ibfk_1` FOREIGN KEY (`TenantID`) REFERENCES `tenant` (`TenantID`),
  ADD CONSTRAINT `deposit_ibfk_2` FOREIGN KEY (`BedID`) REFERENCES `bed` (`BedID`),
  ADD CONSTRAINT `deposit_ibfk_3` FOREIGN KEY (`AgentID`) REFERENCES `agent` (`AgentID`);

--
-- Constraints for table `parking`
--
ALTER TABLE `parking`
  ADD CONSTRAINT `parking_ibfk_1` FOREIGN KEY (`TenantID`) REFERENCES `tenant` (`TenantID`),
  ADD CONSTRAINT `parking_ibfk_2` FOREIGN KEY (`UnitID`) REFERENCES `unit` (`UnitID`);

--
-- Constraints for table `payment`
--
ALTER TABLE `payment`
  ADD CONSTRAINT `payment_ibfk_1` FOREIGN KEY (`TenantID`) REFERENCES `tenant` (`TenantID`),
  ADD CONSTRAINT `payment_ibfk_2` FOREIGN KEY (`AgentID`) REFERENCES `agent` (`AgentID`),
  ADD CONSTRAINT `payment_ibfk_3` FOREIGN KEY (`BedID`) REFERENCES `bed` (`BedID`),
  ADD CONSTRAINT `payment_ibfk_4` FOREIGN KEY (`RoomID`) REFERENCES `room` (`RoomID`);

--
-- Constraints for table `paymenthistory`
--
ALTER TABLE `paymenthistory`
  ADD CONSTRAINT `paymenthistory_ibfk_1` FOREIGN KEY (`TenantID`) REFERENCES `tenant` (`TenantID`),
  ADD CONSTRAINT `paymenthistory_ibfk_2` FOREIGN KEY (`AgentID`) REFERENCES `agent` (`AgentID`);

--
-- Constraints for table `property`
--
ALTER TABLE `property`
  ADD CONSTRAINT `property_ibfk_1` FOREIGN KEY (`AgentID`) REFERENCES `agent` (`AgentID`);

--
-- Constraints for table `room`
--
ALTER TABLE `room`
  ADD CONSTRAINT `room_ibfk_1` FOREIGN KEY (`UnitID`) REFERENCES `unit` (`UnitID`),
  ADD CONSTRAINT `room_ibfk_2` FOREIGN KEY (`AgentID`) REFERENCES `agent` (`AgentID`);

--
-- Constraints for table `tenant`
--
ALTER TABLE `tenant`
  ADD CONSTRAINT `tenant_ibfk_1` FOREIGN KEY (`UnitID`) REFERENCES `unit` (`UnitID`),
  ADD CONSTRAINT `tenant_ibfk_2` FOREIGN KEY (`RoomID`) REFERENCES `room` (`RoomID`),
  ADD CONSTRAINT `tenant_ibfk_3` FOREIGN KEY (`BedID`) REFERENCES `bed` (`BedID`),
  ADD CONSTRAINT `tenant_ibfk_4` FOREIGN KEY (`AgentID`) REFERENCES `agent` (`AgentID`);

--
-- Constraints for table `unit`
--
ALTER TABLE `unit`
  ADD CONSTRAINT `unit_ibfk_1` FOREIGN KEY (`PropertyID`) REFERENCES `property` (`PropertyID`);
COMMIT;

/*!40101 SET CHARACTER_SET_CLIENT=@OLD_CHARACTER_SET_CLIENT */;
/*!40101 SET CHARACTER_SET_RESULTS=@OLD_CHARACTER_SET_RESULTS */;
/*!40101 SET COLLATION_CONNECTION=@OLD_COLLATION_CONNECTION */;
